to	en
tom	en
is	en
я	ru
in	en
of	en
do	en
de	fr
di	it
том	ru
it	en
je	fr
die	de
que	pt
la	es
il	it
me	en
das	de
on	en
à	fr
на	ru
el	es
we	en
un	it
du	de
ne	fr
es	de
at	en
en	es
er	de
с	ru
as	en
una	it
go	en
彼	ja
tu	fr
ho	it
an	en
្	km
mit	de
私	ja
des	fr
et	fr
con	it
si	it
us	en
dans	fr
wie	de
lei	it
von	de
lo	es
тома	ru
var	tr
း	my
​	km
da	it
os	pt
maria	de
las	es
រ	km
qui	fr
за	ru
im	de
да	mk
see	en
onun	tr
ု	my
és	hu
boston	en
più	it
na	tl
bana	tr
şey	tr
meg	hu
င	my
из	ru
彼女	ja
ေ	my
ိ	my
al	es
te	nl
jeg	da
от	ru
po	tl
သ	my
uns	de
ង	km
va	it
е	mk
sua	it
все	ru
voi	it
ko	tl
могу	ru
ល	km
john	en
ြ	my
par	fr
hier	de
ao	pt
то	ru
seu	pt
én	hu
ma	fr
စ	my
до	ru
sana	tr
det	sv
ont	fr
yo	es
este	es
់	km
យ	km
ទ	km
ည	my
много	ru
bei	de
ja	fi
ona	tr
人	ja
ki	hu
biz	tr
moi	fr
ှ	my
何	ja
dit	fr
vi	it
ិ	km
ako	tl
alle	de
من	ar
ile	tr
ျ	my
où	fr
ុ	km
ses	fr
ွ	my
posso	it
का	mr
ser	pt
со	ru
ခ	my
pero	es
ំ	km
om	nl
può	it
ни	ru
tun	de
ми	uk
េ	km
ли	ru
seni	tr
или	ru
tomi	hu
să	ro
ni	tl
ama	tr
ay	tl
sem	hu
že	cs
dos	pt
mo	tl
mal	de
ើ	km
ជ	km
fa	it
tempo	pt
ba	ha
ya	ha
им	ru
без	ru
ី	km
aquí	es
på	sv
mu	tr
prima	it
dire	fr
mes	fr
ែ	km
han	da
sais	fr
дома	ru
вчера	ru
monde	fr
nos	pt
gün	tr
君	ja
nada	es
ним	ru
úgy	hu
libro	it
geld	de
си	mk
yeni	tr
ir	pt
که	fa
hâlâ	tr
ou	fr
tuo	it
ូ	km
ီ	my
li	it
già	it
даже	ru
tua	it
ោ	km
vie	fr
quanto	it
ta	fr
sabe	pt
dia	pt
í	is
家	ja
او	fa
d'un	fr
時	ja
jak	pl
vita	it
日	ja
día	es
iki	tr
ဖ	my
quel	it
tre	it
med	da
seus	pt
ieri	it
ံ	my
ဲ	my
ka	tl
fel	hu
自分	ja
中	ja
dal	it
hem	nl
того	ru
toms	de
見	ja
ါ	my
kinder	de
están	es
ယ	my
一	ja
volta	it
एक	mr
часто	ru
ៅ	km
doen	nl
moet	nl
aldı	tr
ali	tr
два	ru
anderen	de
auto	de
neki	hu
weg	de
ဆ	my
ួ	km
ထ	my
誰	ja
僕	ja
бостон	ru
dijo	es
ញ	km
som	no
語	ja
本	ja
年	ja
dice	it
gens	fr
車	ja
lì	it
á	is
men	en
grande	it
ហ	km
tes	fr
dort	de
kam	de
हे	mr
qua	it
ai	fr
yi	ha
仕事	ja
знаете	ru
za	pl
poco	es
ူ	my
padre	it
bile	tr
mis	es
ciò	it
că	ro
та	uk
hun	da
zo	nl
niemand	de
можем	ru
geldi	tr
tú	es
bizim	tr
今	ja
方	ja
stai	it
日本	ja
時間	ja
gaan	nl
problema	it
cu	ro
meus	pt
kun	fi
ធ	km
hund	de
tres	es
às	pt
sulla	it
vostra	it
tam	tr
gusto	tl
беше	mk
parece	es
前	ja
gente	es
ថ	km
мери	mk
今日	ja
pris	fr
ilk	tr
min	da
би	uk
sing	en
recht	de
túl	hu
estás	es
来	ja
tanto	it
têm	pt
madre	it
ភ	km
od	pl
者	ja
tut	de
tue	it
могли	ru
金	ja
達	ja
子供	ja
nacht	de
ons	nl
dela	pt
yer	tr
назад	ru
jos	fi
días	es
tak	pl
air	en
festa	it
気	ja
kas	lt
дал	ru
volte	it
।	or
ваш	ru
nome	it
porta	it
ville	fr
escola	pt
entre	pt
vil	da
sai	it
bizi	tr
tą	lt
paar	de
sera	it
japan	en
ga	nl
comer	pt
hemen	tr
vostre	it
din	ro
jo	lt
wala	tl
pa	tl
alt	de
coche	es
feliz	pt
ឹ	km
quasi	it
reden	de
nostra	it
весь	ru
difficile	it
persona	it
英語	ja
aos	pt
hora	es
nostre	it
必要	ja
daran	de
haber	es
ami	fr
vele	hu
៉	km
ផ	km
ano	pt
dû	fr
momento	it
liegt	de
父	ja
ön	hu
bi	ku
ev	tr
så	da
viene	it
学校	ja
lugar	pt
francia	it
問題	ja
над	ru
္	my
durante	it
italia	it
aver	it
toda	pt
事	ja
yalan	tr
comprar	pt
ဘ	my
certeza	pt
semana	pt
部屋	ja
本当	ja
iets	nl
долго	ru
veces	es
sola	it
ဝ	my
всю	ru
sens	fr
две	ru
дай	ru
sí	es
vino	it
目	ja
amigos	pt
ко	ru
може	uk
huis	nl
dengan	id
mie	it
nossa	pt
lett	hu
mari	hu
друга	ru
勉強	ja
電話	ja
明日	ja
手	ja
mária	hu
gördüm	tr
我々	ja
siz	tr
наш	ru
diz	pt
país	pt
anda	tr
espero	pt
ide	hu
話	ja
cina	it
月	ja
брат	ru
昨日	ja
familie	de
слово	ru
度	ja
nei	it
difícil	pt
tôt	fr
hazır	tr
ဒ	my
прийти	ru
jej	pl
雨	ja
aprender	pt
teu	pt
donna	it
dar	lt
daar	nl
ваша	ru
kitabı	tr
meno	it
ៃ	km
parole	it
deu	pt
sizin	tr
aún	es
kami	tl
母	ja
jobb	hu
livres	fr
akan	id
точно	ru
twee	nl
pais	pt
sig	sv
william	en
bravo	it
cena	it
mot	fr
amor	pt
pronto	es
dio	es
fra	it
nord	it
tage	de
foto	it
間	ja
polis	tr
ဟ	my
先生	ja
grecia	it
untuk	id
後	ja
pensais	fr
importante	it
podem	pt
sila	tl
þú	is
strada	it
هي	ar
consigo	pt
мало	ru
vas	es
出	ja
fort	fr
partie	fr
tik	lt
犬	ja
vista	it
pane	it
dag	nl
័	km
неделе	ru
bere	it
primo	it
problemi	it
کرد	fa
sonne	de
linda	en
ဂ	my
malta	it
beiden	de
beste	de
ходить	ru
sizi	tr
оба	ru
mentre	it
ៀ	km
andando	it
sole	it
deberías	es
facile	it
nigeria	it
telefon	tr
morto	it
libros	es
bundan	tr
решение	ru
testa	it
forte	it
alter	de
tat	de
bureau	fr
ke	id
tatoeba	it
galles	it
gabriel	en
знаем	ru
komme	de
голову	ru
sag	de
farà	it
дела	ru
cinco	es
жена	ru
友達	ja
男	ja
вид	ru
ku	ku
caso	pt
basta	it
ra	vi
vladimir	en
tsa	tn
жаль	ru
ler	pt
fin	fr
clase	es
australien	de
lukas	en
olanda	it
kalman	en
手紙	ja
руку	ru
leer	es
musik	de
tochter	de
gato	es
結婚	ja
carne	it
alice	en
vir	pt
ឡ	km
willen	nl
pada	id
говори	ru
jonas	en
contra	pt
наша	ru
ham	da
familia	es
oda	hu
国	ja
vier	de
iyo	so
martino	en
二	ja
tren	es
ní	yo
edmundo	en
иди	ru
一緒	ja
sortir	fr
somalia	it
fácil	pt
onze	nl
dahil	tl
igen	hu
pakistan	it
yaz	tr
ah	so
व	mr
jede	de
計画	ja
sì	it
dette	da
水	ja
doktor	tr
leon	en
felix	en
estas	es
deixar	pt
mă	ro
problemas	es
hata	tr
一番	ja
hún	is
ឺ	km
آیا	fa
certo	pt
俺	ja
ge	nl
prie	fr
geboren	de
tal	es
idee	de
feu	fr
kde	cs
分	ja
駅	ja
anna	en
世界	ja
anders	de
uganda	it
senden	tr
名前	ja
tej	pl
bastante	pt
kada	lt
morte	pt
других	ru
tse	tn
guerra	it
kom	nl
nic	pl
около	ru
cama	es
parti	fr
licht	de
carlos	en
palabra	es
estaban	es
kto	pl
esperar	pt
成功	ja
ye	ku
seria	pt
подарок	ru
事故	ja
знала	ru
kaya	tl
sigara	tr
dez	pt
terug	nl
sino	es
можеш	uk
razón	es
jou	nl
dormir	pt
alto	it
ee	so
знам	mk
歳	ja
ឆ	km
sage	de
vroeg	nl
ماري	ar
falta	es
být	cs
dalam	id
tí	yo
време	mk
томе	uk
jeho	cs
paris	fr
tas	lt
旅行	ja
kai	lt
algún	es
teléfono	es
機	ja
子	ja
neste	pt
bat	de
病気	ja
teil	de
言葉	ja
bier	de
一人	ja
özür	tr
pasar	es
atrás	pt
poder	es
会社	ja
невозможно	ru
вина	ru
dá	pt
probleme	de
fest	de
río	es
ê	ku
bay	tr
ca	ro
店	ja
nikdy	cs
映画	ja
голос	ru
医者	ja
punto	it
少年	ja
kwa	tn
утро	ru
мен	kk
پر	ur
corazón	es
mare	it
дерево	ru
olsun	tr
pois	pt
sommer	de
passar	pt
bild	de
lust	de
mums	lt
ut	sv
ol	tr
juntos	pt
大学	ja
ouvir	pt
এই	bn
چه	fa
次	ja
sinn	de
寝	ja
olin	fi
काम	mr
hände	de
прекрасно	ru
ido	es
péter	hu
pensar	pt
classe	fr
kuka	fi
大	ja
eller	da
elke	de
道	ja
生活	ja
suficiente	pt
vet	sv
único	es
頭	ja
klar	de
学生	ja
試験	ja
animais	pt
息子	ja
注意	ja
джон	ru
girdi	tr
schuld	de
koko	fi
deed	nl
legge	it
ją	lt
tenis	tr
genre	fr
mar	pt
ait	fr
आज	mr
運転	ja
cas	fr
gare	fr
顔	ja
mês	pt
år	da
以上	ja
lachen	de
altı	tr
lage	de
人間	ja
mire	hu
मेरी	mr
estados	pt
âge	fr
人々	ja
moja	pl
недели	ru
primer	es
心	ja
gedacht	de
dur	fr
夜	ja
saan	tl
数	ja
rede	de
eerste	nl
engels	nl
pied	fr
pasa	es
hele	nl
importa	it
chce	pl
саду	ru
ingen	da
所	ja
町	ja
cansado	pt
segundo	pt
ocupado	pt
ndị	ig
ဗ	my
pár	hu
mamma	it
猫	ja
manche	de
york	en
moje	pl
eilen	fi
毎日	ja
каже	uk
мною	uk
nadar	pt
examen	es
aula	pt
luft	de
oras	tl
তিনি	bn
៏	km
queremos	pt
история	ru
ziel	de
finalmente	it
едва	ru
televisión	es
outras	pt
ty	cs
gå	sv
出発	ja
物	ja
तीन	mr
presente	pt
ika	tl
朝	ja
estes	pt
serio	it
音楽	ja
៊	km
entrar	pt
vio	es
pommes	fr
東京	ja
jums	lt
уроки	ru
bez	pl
ana	tr
acht	de
sence	tr
esi	lt
飛行	ja
toe	nl
dank	de
luce	it
力	ja
море	ru
existe	pt
花	ja
館	ja
glas	de
largo	es
sau	ro
هیچ	fa
bel	it
健康	ja
pat	lt
taal	nl
имам	mk
известно	ru
dito	tl
全部	ja
çay	tr
suka	ha
bilir	tr
hvis	da
tule	fi
zarar	tr
ради	ru
女性	ja
هم	fa
bahasa	id
山	ja
sú	sk
سال	fa
cent	fr
料理	ja
回	ja
家族	ja
意味	ja
له	ps
木	ja
сша	ru
काल	mr
hak	tr
tare	ha
最近	ja
生徒	ja
aka	ha
laut	de
perdido	es
雪	ja
tahu	id
calor	es
質問	ja
vera	it
写真	ja
川	ja
иду	ru
рада	ru
futuro	it
約束	ja
tras	es
cielo	es
両親	ja
única	pt
mil	pt
大変	ja
corpo	pt
gör	sv
心配	ja
非常	ja
gebracht	de
साथ	hi
говоря	ru
както	ru
bụ	ig
理解	ja
bao	vi
чему	ru
minut	fi
関係	ja
hen	nl
болен	ru
rapidamente	it
pod	pl
alta	it
neve	it
henne	sv
動物	ja
失敗	ja
jen	cs
italiano	it
意見	ja
列車	ja
ៈ	km
saúde	pt
hari	id
電車	ja
時計	ja
jai	lt
купив	uk
niemanden	de
sapatos	pt
sorte	fr
dessa	pt
tasche	de
проблем	ru
probleem	nl
fou	fr
podia	pt
pieno	it
pietro	en
robe	fr
外国	ja
regnet	de
té	es
età	it
penna	it
бил	mk
países	pt
eden	tr
autobus	it
игра	ru
親切	ja
説明	ja
вечер	ru
людям	ru
يا	ar
uz	lv
ان	sd
hvem	da
頃	ja
sete	pt
право	ru
mina	en
né	fr
innen	hu
口	ja
၀	my
性	ja
firma	de
sulle	it
wachten	nl
窓	ja
হয়।	bn
sentido	es
muri	rw
二人	ja
esas	es
ឈ	km
警察	ja
шанс	ru
tocar	pt
süt	tr
兄	ja
試合	ja
thema	de
夢	ja
levar	pt
pequena	pt
rica	tr
cura	it
небо	ru
bici	it
天気	ja
友人	ja
یا	fa
週間	ja
nam	pl
人生	ja
kleiner	de
mama	de
دو	fa
mur	fr
一生	ja
tror	da
三	ja
papel	pt
上手	ja
minuto	it
frases	pt
дам	ru
usando	pt
må	da
出来	ja
paz	pt
grands	fr
外	ja
studenten	de
onkel	de
claro	pt
десяти	ru
mun	ha
tó	yo
声	ja
mme	tn
点	ja
ဇ	my
vás	cs
forme	fr
anak	tl
服	ja
皆	ja
deur	nl
sam	pl
rico	es
結果	ja
音	ja
ឋ	km
rot	de
nero	it
場所	ja
чувство	ru
pera	tl
duro	es
ọ	ig
наше	ru
生	ja
自転	ja
ته	sd
kilo	tr
europa	de
пред	mk
brille	de
fan	en
niego	pl
bons	fr
懸命	ja
suyu	tr
casar	pt
mele	it
земля	ru
страшно	ru
宿題	ja
時代	ja
искал	ru
mut	de
ဉ	my
телефону	ru
фома	ru
十分	ja
重要	ja
娘	ja
bord	fr
wata	ha
ken	nl
bil	da
дала	ru
amerika	de
strand	de
сон	ru
разом	uk
努力	ja
maak	nl
nám	cs
日曜	ja
дорога	ru
体	ja
baş	tr
dili	tr
roma	it
絵	ja
円	ja
голова	ru
campo	es
小説	ja
raz	pl
resmi	tr
парке	ru
ia	pt
予定	ja
bas	fr
papier	fr
足	ja
夏	ja
quê	pt
нож	ru
ก็	th
sona	tr
mond	de
malo	es
dom	pl
危険	ja
第	ja
наших	ru
公園	ja
食事	ja
politik	de
万	ja
実	ja
भाषा	hi
saben	es
vestido	es
amiga	pt
lief	de
petits	fr
costa	it
simples	pt
理由	ja
pra	pt
приятно	ru
最初	ja
自由	ja
assunto	pt
får	sv
centro	it
簡単	ja
新聞	ja
готова	ru
eier	de
dà	it
ဦ	my
tussen	nl
bela	pt
бих	sr
hab	de
весело	ru
এটা	as
út	hu
船	ja
samen	nl
совет	ru
dagen	nl
ambos	pt
medicina	it
avô	pt
eis	de
l'accident	fr
aquella	es
morir	es
баш	mk
доволен	ru
úr	hu
午後	ja
caro	pt
какоето	ru
ៗ	km
cantar	pt
tust	de
itse	fi
قبل	ar
lista	es
farei	it
嘘	ja
camisa	pt
forza	it
昔	ja
àti	yo
yake	ha
授業	ja
нашу	ru
vide	fr
abu	ha
også	da
verte	es
lis	fr
знаеш	mk
bor	da
patron	fr
lentamente	it
少女	ja
辞書	ja
коробку	ru
čas	cs
направи	mk
rahat	tr
ani	cs
dê	pt
sistema	pt
сад	ru
tokio	es
monta	fi
menjadi	id
妻	ja
tiek	lt
teus	pt
tirar	pt
興味	ja
wou	nl
deixa	pt
姉	ja
ovos	pt
число	ru
видите	ru
суп	ru
autos	de
enige	nl
celular	pt
tin	vi
avis	fr
靴	ja
discours	fr
風	ja
dingen	nl
eigen	nl
وجود	fa
incidente	it
работи	mk
lua	pt
responder	pt
dame	de
有名	ja
場合	ja
ဓ	my
justo	es
書	ja
背	ja
famoso	it
nave	it
気分	ja
belli	tr
ها	fa
sabemos	pt
barco	es
pont	hu
ahụ	ig
giù	it
箱	ja
дорого	ru
ingles	tl
सुंदर	mr
魚	ja
empresa	pt
frequentemente	pt
olmuş	tr
berg	de
最後	ja
様	ja
元気	ja
ឃ	km
včera	cs
hvordan	da
честно	ru
rato	es
dị	ig
薬	ja
passa	pt
programma	it
جا	sd
hart	de
sente	it
反対	ja
研究	ja
рече	mk
luna	es
една	mk
vê	pt
事実	ja
kunde	sv
milieu	fr
空	ja
鳥	ja
vendo	pt
volk	de
jane	en
歌	ja
言語	ja
ឯ	km
значение	ru
conseguir	pt
mundial	pt
会議	ja
誕生	ja
chyba	pl
queres	pt
koji	bs
hemd	de
野球	ja
別	ja
客	ja
弟	ja
今夜	ja
散歩	ja
海	ja
semua	id
戦争	ja
голове	ru
mennesker	da
papa	de
stále	cs
parís	es
súa	gl
rende	it
arte	pt
lever	fr
方法	ja
鍵	ja
allemand	fr
妹	ja
inteligente	pt
bo	tn
以前	ja
夕食	ja
風邪	ja
母親	ja
tenga	es
terminado	es
០	km
uso	pt
idi	tr
koffer	de
oleh	id
sám	cs
invité	fr
viste	it
cine	es
大切	ja
政治	ja
вашим	ru
роман	ru
مان	sd
ศ	th
到着	ja
mau	pt
roupa	pt
cât	ro
oğlu	tr
arme	de
学	ja
chover	pt
sr	pt
kao	bs
siden	da
पास	hi
行動	ja
ឿ	km
temu	pl
cel	ro
musím	cs
artikel	de
pedi	pt
очевидно	ru
今年	ja
oktober	de
ponte	it
価値	ja
vă	ro
г	bg
役	ja
estudantes	pt
богат	ru
نه	fa
tomu	cs
cambio	es
contrario	it
kot	sl
พ	th
عام	ar
juan	es
facilmente	it
दे	mr
тело	ru
lärm	de
resto	it
každý	cs
seconde	fr
norte	pt
encontrado	es
satu	id
責任	ja
било	mk
ходили	ru
larga	es
londres	fr
昨夜	ja
kale	so
feier	de
yumurta	tr
euro	de
文	ja
酒	ja
gehad	nl
silah	tr
normale	it
父親	ja
juo	lt
пари	mk
нового	ru
出席	ja
女	ja
américa	pt
novos	pt
когото	ru
太陽	ja
市	ja
читаю	ru
他人	ja
提案	ja
години	mk
bli	sv
tê	ku
alma	pt
oro	es
contento	it
利用	ja
準備	ja
badan	so
sal	es
vaso	es
قرار	fa
mana	id
似	ja
isla	tl
halt	en
正直	ja
força	pt
personen	de
連絡	ja
冬	ja
vol	fr
現在	ja
科学	ja
fac	ro
buwan	tl
lagi	id
dura	it
лица	ru
hver	da
paulo	pt
жив	ru
mene	fi
交通	ja
身	ja
nad	pl
今朝	ja
席	ja
病院	ja
部	ja
mojej	pl
matemática	pt
guitare	fr
gal	lt
прави	mk
lese	de
laver	fr
月曜	ja
musí	cs
sud	fr
賛成	ja
銀行	ja
apartamento	pt
先	ja
帽子	ja
庭	ja
耳	ja
recente	it
cartas	pt
дерева	ru
света	ru
regel	de
gegaan	nl
«а	ru
бога	ru
batho	tn
сигурен	mk
kamera	de
絶対	ja
náà	yo
突然	ja
運動	ja
ваших	ru
proposta	it
៌	km
дому	ru
digo	es
junto	es
tema	es
niveau	fr
ឱ	km
dus	nl
след	bg
amerikaner	de
russland	de
pausa	it
経験	ja
ဏ	my
tornar	pt
лично	ru
utile	fr
innocente	it
全然	ja
написано	ru
exemple	fr
氏	ja
hallo	de
満足	ja
घर	mr
piso	es
実際	ja
seda	et
irin	ha
社会	ja
случи	mk
humano	pt
тим	uk
italien	de
partes	es
机	ja
problemen	nl
bola	pt
eh	fr
iz	hr
十	ja
経済	ja
знак	ru
spiegel	de
今度	ja
年間	ja
情報	ja
親	ja
continuar	pt
monte	pt
空港	ja
道路	ja
pats	lt
pizzeria	tl
telefonu	tr
adresse	fr
図書	ja
士	ja
ach	de
funciona	es
obra	es
voie	fr
髪	ja
enorme	pt
боли	ru
otec	cs
principio	es
地球	ja
preto	pt
успех	ru
reis	de
público	es
idiota	it
texte	fr
baik	id
उत्तर	hi
voel	nl
видео	ru
زبان	fa
воздух	ru
favorito	pt
সময়	bn
senti	fr
名	ja
lago	it
大丈夫	ja
来週	ja
lata	pl
normalmente	pt
tabi	tl
taksi	tr
menti	fr
pies	pl
bolsa	pt
парк	ru
事件	ja
傘	ja
bilder	de
schatten	de
nul	fr
париж	ru
番	ja
gada	lv
душ	ru
då	sv
自動	ja
普通	ja
tranne	it
政府	ja
ماری	ku
podes	pt
sanya	ha
lavar	pt
២	km
poucos	pt
tanta	pt
nummer	de
bukan	id
राजधानी	mr
करते	hi
世話	ja
valor	es
cultura	it
外出	ja
相手	ja
老人	ja
tente	pt
пляж	ru
başını	tr
tante	de
времена	ru
желание	ru
آخر	ar
返事	ja
ден	mk
kalan	tr
amies	fr
teoria	it
長	ja
ber	ku
mens	nl
式	ja
typ	de
場	ja
１日	ja
deel	nl
говорим	ru
xa	xh
合格	ja
数学	ja
озеро	ru
godine	bs
doma	cs
verden	da
sama	ha
時々	ja
火	ja
２人	ja
благодаря	ru
sammen	da
esame	it
piscina	it
参加	ja
残念	ja
無	ja
腕	ja
腹	ja
aşağı	tr
wolken	de
sebagai	id
男性	ja
absolutamente	pt
tina	su
品	ja
滞在	ja
無駄	ja
目的	ja
евро	ru
bilet	tr
musíš	cs
maus	de
herd	en
解決	ja
選手	ja
jus	lt
направо	ru
stor	da
先週	ja
途中	ja
bostonu	pl
бейсбол	ru
sopa	es
¿tú	es
courses	fr
mata	ha
rana	ha
rosa	it
discurso	pt
banka	tr
rom	de
toca	es
bio	hr
primavera	it
村	ja
京都	ja
橋	ja
馬鹿	ja
जाते	mr
建物	ja
教育	ja
湖	ja
秘密	ja
lê	ku
planeta	pt
ari	su
色	ja
nes	lt
која	mk
၎	my
делу	ru
gav	da
pared	es
卵	ja
朝食	ja
枚	ja
речи	ru
banyo	tr
alkohol	de
telefonnummer	de
員	ja
човек	mk
души	ru
parke	tl
bilen	tr
markt	de
daya	ha
bort	hu
夫	ja
歯	ja
взяла	ru
dung	en
忠告	ja
mentir	pt
幸福	ja
高	ja
ឌ	km
dni	pl
musíme	cs
schuldig	de
theorie	de
真実	ja
都市	ja
пара	ru
maniera	it
一般	ja
感謝	ja
inglaterra	pt
джейн	ru
cuma	tr
buku	id
人気	ja
我慢	ja
神	ja
၌	my
leve	pt
abrigo	es
contente	fr
zona	it
無理	ja
ឲ	km
relación	es
maka	ig
inutile	it
教師	ja
vergeet	nl
oğlan	tr
विश्वास	hi
programa	pt
stalo	cs
locale	it
出身	ja
結局	ja
करता	hi
代	ja
冗談	ja
番号	ja
এটি	bn
lave	fr
存在	ja
急	ja
歴史	ja
隣	ja
姿	ja
線	ja
loo	so
kanada	tr
katta	tr
offre	fr
serie	it
以外	ja
影響	ja
春	ja
翻訳	ja
高校	ja
kes	tr
universo	pt
masa	tr
venner	da
نظر	fa
paga	it
全員	ja
帰宅	ja
平和	ja
pedido	pt
pôs	pt
музей	ru
satt	de
gera	is
期待	ja
rond	nl
matar	pt
tomek	eu
半	ja
習慣	ja
treni	tr
bí	yo
dichter	de
زمان	fa
pohár	hu
海外	ja
街	ja
pani	pl
dost	cs
ned	da
poche	fr
掃除	ja
sako	lt
виде	ru
информации	ru
факт	ru
খুব	bn
fil	fr
barba	it
ağrı	tr
تم	ur
sprang	de
حال	fa
berapa	id
lain	id
当然	ja
excelente	pt
talar	sv
sor	tr
tarihi	tr
এখন	bn
pose	fr
până	ro
馬	ja
често	mk
birinci	tr
charakter	de
canta	it
一杯	ja
肉	ja
茶	ja
бутерброд	ru
kara	tr
sel	fr
preparando	it
件	ja
島	ja
eerder	nl
ой	ru
пароль	ru
рис	ru
আছে	as
estúpido	es
pase	es
ebbe	it
recentemente	pt
gammel	da
raro	es
entro	it
reso	it
talento	it
化	ja
требало	mk
француски	mk
nacional	pt
lor	ro
laga	so
grup	tr
आपको	hi
機械	ja
parlak	tr
helt	da
entrada	es
休暇	ja
将来	ja
kocht	nl
гольф	ru
boot	de
demokratie	de
plat	fr
besar	id
posta	it
psa	pl
doce	pt
квартира	ru
носить	ru
kuru	tr
予約	ja
遅刻	ja
yê	ku
destino	pt
medida	pt
museu	pt
церкви	ru
diario	es
billet	fr
informations	fr
تر	ps
markku	de
実行	ja
得意	ja
荷物	ja
議論	ja
pintura	es
不足	ja
地震	ja
seres	pt
горло	ru
marys	de
flor	es
terminer	fr
jika	id
修理	ja
困難	ja
空気	ja
correndo	pt
jadi	su
fela	tn
五	ja
自然	ja
علي	ar
冊	ja
床	ja
援助	ja
状態	ja
郵便	ja
arma	pt
mondiale	fr
द्वारा	hi
嫌	ja
招待	ja
៩	km
americano	pt
portugal	pt
bun	ro
tome	cs
ning	et
fila	it
暇	ja
matka	pl
япония	ru
evim	tr
mannes	de
soi	fr
storie	it
晩	ja
最高	ja
自身	ja
lugares	pt
peixes	pt
prata	sv
値段	ja
昼食	ja
要求	ja
karo	jv
pomoc	pl
кен	ru
ferne	de
cabo	es
domingos	es
perte	fr
nomi	it
森	ja
法	ja
涙	ja
紙	ja
ocupada	pt
pele	pt
pescar	pt
direi	it
famosa	it
hamburger	it
原因	ja
bellen	nl
الله	ar
spanien	de
vimos	es
moda	it
pana	pl
fordi	da
nivel	es
quant	fr
भारत	hi
倍	ja
旅	ja
昼	ja
джексон	ru
чаю	ru
بار	fa
سر	fa
утре	mk
боже	ru
nariz	es
iso	fi
ira	fr
tetapi	id
変	ja
種	ja
約	ja
規則	ja
símbolo	pt
nimeni	ro
energie	de
negara	id
偶然	ja
大統領	ja
diena	lt
кое	ru
večer	cs
kone	da
内	ja
警官	ja
mesmos	pt
últimos	pt
маму	ru
arriba	es
recordar	es
burro	it
turno	it
去年	ja
味	ja
地域	ja
奴	ja
матч	ru
ráno	cs
lacht	de
favorita	es
plantas	es
directeur	fr
populaire	fr
oka	hu
階	ja
rapaz	pt
geniş	tr
kanye	zu
teile	de
mode	fr
riches	fr
会合	ja
単語	ja
壁	ja
engel	de
katten	nl
contato	pt
tău	ro
автобуса	ru
âme	fr
tipi	it
決心	ja
edilmiş	tr
genie	de
corre	es
curioso	it
卒業	ja
国際	ja
法律	ja
mannen	nl
лице	ru
termine	it
年齢	ja
星	ja
ឥ	km
vorige	nl
nich	pl
moisés	pt
mah	su
gedicht	de
dille	it
尊敬	ja
曲	ja
毎朝	ja
趣味	ja
според	mk
samo	pl
tomado	es
dirai	fr
vodka	it
注文	ja
牛乳	ja
部分	ja
ឧ	km
университете	ru
kuri	rw
cesur	tr
kò	yo
hola	es
sean	es
اش	fa
事業	ja
労働	ja
ред	mk
nou	nl
ovo	pt
indi	tr
trai	vi
جداً	ar
koja	bs
decidido	es
pantalon	fr
hallom	hu
premio	it
委員	ja
amigas	pt
preocupe	pt
kör	tr
будеш	uk
začal	cs
samme	da
magen	de
愛	ja
教会	ja
状況	ja
prin	ro
триста	ru
bila	sl
ofte	da
屋	ja
能力	ja
pontos	pt
holde	da
ord	da
dute	eu
匹	ja
若者	ja
tweede	nl
система	ru
trene	tr
universum	de
veste	fr
galera	it
機会	ja
dados	pt
sanat	tr
nimi	fi
relation	fr
事務	ja
発見	ja
砂糖	ja
числа	ru
sida	so
kama	sw
strom	de
completo	es
dita	it
principale	it
敵	ja
física	pt
supermercado	pt
боб	ru
milletten	tr
depende	es
同意	ja
宇宙	ja
направил	mk
ဥ	my
دی	ps
iremos	pt
sade	sv
suya	tr
veren	tr
quinze	fr
tempat	id
火事	ja
詩	ja
読書	ja
財布	ja
cansada	pt
termin	de
construir	es
departamento	es
danse	fr
viva	it
住所	ja
弁護	ja
態度	ja
отиде	mk
echte	nl
soldados	pt
berdeng	tl
син	uk
pullover	de
fumo	it
調子	ja
থাকে।	bn
musel	cs
svoje	cs
pôr	pt
sett	sv
ví	cs
corta	es
１人	ja
وي	ps
красива	ru
ingenting	sv
länge	sv
maandag	nl
språk	sv
i̇kinci	tr
patates	tr
informe	es
rara	es
clients	fr
salon	fr
documento	it
叔父	ja
文化	ja
歌手	ja
barato	pt
tar	sv
visste	sv
دنیا	fa
promenade	fr
calma	it
主義	ja
命	ja
形	ja
携帯	ja
調査	ja
elemento	pt
ju	sk
bagaimana	id
大阪	ja
次第	ja
知識	ja
紹介	ja
гледам	mk
যায়।	bn
zdá	cs
metro	es
vemos	es
finale	it
来年	ja
kraju	pl
mapa	pt
passaporte	pt
чикаго	ru
absolut	de
練習	ja
説得	ja
winkel	nl
portanto	pt
proteger	pt
pri	sk
yìí	yo
pensado	es
rusia	es
nota	it
電気	ja
колата	mk
нечасто	ru
onda	tr
acabado	es
significado	es
人口	ja
国民	ja
奥	ja
熱	ja
週末	ja
săl	ro
сюрприз	ru
boken	sv
yata	tl
corto	es
planes	es
dieta	it
esperto	it
正確	ja
決定	ja
王	ja
salvar	pt
китай	ru
половина	ru
横	ja
洗濯	ja
पत्र	mr
liga	pt
kapa	st
huset	sv
masada	tr
koje	bs
kritik	de
丘	ja
主張	ja
光	ja
判断	ja
lees	nl
fortes	pt
boyu	tr
bulan	id
信頼	ja
偉大	ja
失礼	ja
日間	ja
演説	ja
財産	ja
готово	ru
vår	sv
говориш	uk
tiden	da
局	ja
普段	ja
estudos	pt
noma	zu
času	cs
praktisch	de
cola	es
âgé	fr
specie	it
泥棒	ja
enkel	nl
движение	ru
имена	ru
vær	da
dedos	es
malas	es
شروع	fa
兄弟	ja
安全	ja
嵐	ja
表現	ja
ambas	pt
artista	pt
săi	ro
său	ro
km	uz
asi	cs
reine	fr
setiap	id
今晩	ja
活動	ja
確認	ja
苦労	ja
苦手	ja
фото	ru
mm	sv
iken	tr
japoneses	es
odiava	it
全体	ja
土曜	ja
工場	ja
常	ja
留守	ja
罪	ja
面倒	ja
風呂	ja
золото	ru
sum	en
tantos	es
temperatura	es
valmis	fi
appel	fr
combat	fr
報告	ja
悪	ja
給料	ja
платят	ru
gaz	fr
yarda	ha
官	ja
行為	ja
trots	nl
bror	da
afrika	de
juni	de
wipe	en
incendio	es
moderne	fr
勇気	ja
御	ja
息	ja
才能	ja
社	ja
観光	ja
japans	nl
ọdún	yo
contenta	it
大事	ja
患者	ja
鉛筆	ja
canadá	pt
descansar	pt
agugu	ig
brillante	it
回復	ja
素敵	ja
雑誌	ja
правиш	mk
deuses	pt
сила	ru
tako	sl
schweiz	de
tomando	es
dama	ha
vinni	hu
abụọ	ig
simbolo	it
信用	ja
室	ja
石	ja
своите	mk
asas	pt
fonte	pt
pobres	pt
vêm	pt
lam	ro
деревом	ru
kniha	cs
gamle	da
opa	de
poema	es
地図	ja
多分	ja
訪問	ja
過去	ja
៥	km
tev	lv
заедно	mk
funcionar	pt
известен	ru
tendré	es
kali	id
ala	ig
dentista	it
perda	pt
музику	uk
skoro	cs
salat	de
encontramos	es
esposo	es
nombres	es
probable	es
incapable	fr
umana	it
世紀	ja
切符	ja
台	ja
後悔	ja
椅子	ja
работата	mk
живот	ru
muyuz	tr
brev	da
salsa	it
全	ja
収入	ja
自慢	ja
選挙	ja
जन्म	hi
interior	pt
সেই	as
fabrik	de
torre	es
حقیقت	fa
miel	fr
gregorian	ig
最大	ja
環境	ja
赤	ja
климат	ru
sandalye	tr
sende	tr
jedno	cs
muž	cs
planta	es
calender	ig
案内	ja
šis	lt
други	mk
लाल	mr
mening	nl
vei	ro
especie	es
oferta	es
午前	ja
成長	ja
経営	ja
вели	mk
кафе	ru
lọ	yo
juna	fi
kecil	id
mica	it
祖父	ja
程度	ja
види	mk
времето	mk
considerado	pt
mansanas	tl
testi	tr
hunden	da
contiene	es
बस	hi
urgente	it
同様	ja
噂	ja
首	ja
yên	ku
брзо	mk
जर्मन	mr
plek	nl
naše	cs
snart	da
kenen	fi
l'islam	fr
geografia	it
volto	it
変化	ja
技術	ja
確信	ja
面	ja
децата	mk
наука	ru
плюс	ru
mang	vi
indien	de
descanso	es
parado	es
ballon	fr
上司	ja
賞	ja
colegas	pt
conforme	pt
escritor	pt
tipos	pt
vêla	pt
непросто	ru
واقع	ur
zemi	cs
lege	de
fresca	it
喫煙	ja
大人	ja
恋	ja
故障	ja
田舎	ja
秋	ja
芸術	ja
handa	tl
kalbi	tr
terremoto	es
pertama	id
biologia	it
中心	ja
意識	ja
末	ja
џон	mk
okno	pl
preparar	pt
vês	pt
jazyk	cs
pile	en
طول	fa
corda	it
作家	ja
個人	ja
台所	ja
指	ja
種類	ja
aumento	pt
многим	ru
причину	ru
veda	tr
primi	it
作品	ja
土地	ja
塩	ja
感	ja
教室	ja
毎年	ja
週	ja
野菜	ja
bakal	jv
šo	lv
супермаркете	ru
جون	sd
ìlú	yo
diner	en
fábrica	es
fere	ff
construire	fr
libres	fr
berada	id
isi	ig
segja	is
l'altra	it
lento	it
poesie	it
体重	ja
価格	ja
文字	ja
際	ja
einu	lt
litt	no
enviar	pt
ori	ro
cha	sw
จึ	th
nina	tl
neng	tn
nej	da
øl	da
lande	de
motor	de
lindo	es
gano	ha
lama	id
hana	is
天候	ja
州	ja
当時	ja
教授	ja
理論	ja
社長	ja
記憶	ja
詩人	ja
agir	pt
точка	ru
dava	tr
gordo	es
کم	fa
gaya	ha
telefonon	hu
mostra	it
助言	ja
性格	ja
用意	ja
考慮	ja
būt	lv
bani	ro
ела	ru
ходи	ru
bahagi	tl
rre	tn
zase	cs
heim	de
profundo	es
側	ja
四	ja
昨年	ja
立派	ja
辺	ja
televisie	nl
rău	ro
неделя	ru
mbere	rw
arjantin	tr
عدد	ar
dé	es
熱心	ja
発明	ja
胸	ja
関心	ja
باش	ku
horloge	nl
espacial	pt
imaginar	pt
podese	pt
álcool	pt
каков	ru
atin	tl
náš	cs
eile	de
corte	it
egoista	it
以来	ja
書類	ja
杯	ja
欠点	ja
番組	ja
精神	ja
pula	tl
tla	tn
fresco	es
gratis	es
méxico	es
ọrụ	ig
banane	it
今週	ja
台風	ja
変更	ja
庫	ja
近所	ja
poeta	pt
момента	ru
uri	tl
januar	de
mobiltelefon	de
paket	de
fiebre	es
consiste	fr
夢中	ja
延期	ja
значи	mk
grupos	pt
preocupar	pt
principalmente	pt
profundamente	pt
توهان	sd
paraan	tl
bunda	tr
kata	tr
temas	tr
শেষ	bn
budeme	cs
hlad	cs
hår	da
elf	de
mist	de
portemonnaie	de
maan	fi
poésie	fr
कारण	hi
一部	ja
結構	ja
製品	ja
contrato	pt
беру	ru
seng	da
gast	de
دور	fa
案	ja
留学	ja
量	ja
سامی	ku
noc	pl
canto	pt
crédito	pt
literatura	pt
massa	pt
iam	ro
германия	ru
landet	sv
politische	de
sack	de
lobo	es
mentiras	es
vari	it
具合	ja
園	ja
実験	ja
来月	ja
皿	ja
英国	ja
雲	ja
駄目	ja
ဌ	my
kerk	nl
mimo	pl
ryby	pl
gramática	pt
média	pt
газ	ru
havet	sv
stort	da
humble	en
espíritu	es
salvo	es
tranquilo	es
gara	it
personalmente	it
pesca	it
勤勉	ja
商品	ja
年上	ja
想像	ja
発表	ja
वर्ष	mr
tinta	pt
whatsapp	pt
ธิ	th
karne	tl
часом	uk
noci	cs
esperamos	es
eli	fi
tomba	fr
会話	ja
先月	ja
冷蔵	ja
市場	ja
禁止	ja
邪魔	ja
направиш	mk
casos	pt
frutos	pt
ранку	uk
دان	ar
পছন্দ	bn
hvilket	da
scheiden	de
florida	en
tende	it
富士	ja
提出	ja
文句	ja
最終	ja
権利	ja
貧乏	ja
gan	lv
praticamente	pt
principais	pt
плачу	ru
rum	sv
sistemi	tr
згоден	uk
kodwa	xh
slovo	cs
perspective	en
datos	es
sebelum	id
中止	ja
婦人	ja
家庭	ja
感情	ja
機嫌	ja
魅力	ja
déning	jv
bracht	nl
leeg	nl
pak	nl
vivos	pt
шанса	ru
rẹ̀	yo
fecha	es
leo	es
hé	fr
stade	fr
ọtụtụ	ig
事態	ja
楽	ja
нека	mk
अर्थ	hi
inne	pl
espada	pt
especialmente	pt
признателен	ru
mellan	sv
fas	tr
slovak	tr
sloven	tr
kakhulu	xh
ukuze	xh
holdt	da
entendido	es
obras	es
bicyclette	fr
入院	ja
右	ja
支配	ja
неговата	mk
groen	nl
grond	nl
bør	no
dou	pt
leila	pt
participar	pt
договор	ru
benzin	tr
gerecht	de
estadounidense	es
tamaño	es
bersama	id
不思議	ja
恐怖	ja
植物	ja
殺人	ja
職	ja
距離	ja
ambiente	pt
esconder	pt
oi	pt
spun	ro
marcapada	su
veta	sv
harapan	tl
dienen	de
anterior	es
bomba	es
حق	fa
چون	fa
kansa	ha
रात	hi
turco	it
人形	ja
唯一	ja
氷	ja
池	ja
退屈	ja
都合	ja
gi	lt
største	no
брак	ru
kacatet	su
hete	hu
corrente	it
一体	ja
便	ja
切手	ja
特別	ja
興奮	ja
बायको	mr
zamenhof	pt
вредно	ru
силах	ru
gol	tr
sözü	tr
oko	bs
غیر	fa
ये	hi
hús	hu
専門	ja
成績	ja
県	ja
лошо	mk
चार	mr
hemel	nl
banda	pt
setembro	pt
жители	ru
حاصل	sd
hali	tr
нова	uk
vy	cs
routine	en
cometer	es
pasan	es
tilos	hu
ụlọ	ig
仕方	ja
余裕	ja
商売	ja
屋根	ja
怪我	ja
気候	ja
៧	km
жал	mk
ट्रेन	mr
comemos	pt
seguida	pt
asteroid	su
magnitudo	su
mutlakna	su
nganjrek	su
pul	tr
gode	da
parlament	de
plot	en
temporada	es
nake	ha
culo	it
moderna	it
百	ja
重	ja
mieste	lt
succes	nl
templo	pt
спектакль	ru
zaradi	sl
staden	sv
gatas	tl
pẹ̀lú	yo
starý	cs
cd	en
prestar	es
صورت	fa
کاری	fa
bilo	hr
l'edificio	it
両方	ja
半分	ja
契約	ja
犯罪	ja
現代	ja
義務	ja
conseguimos	pt
permitido	pt
química	pt
красив	ru
неправ	ru
pred	sk
tyre	sq
bok	sv
zar	tr
sis	cs
extrem	de
kurs	de
keen	en
universal	en
hoja	es
madrid	es
vine	es
masalah	id
mengapa	id
学者	ja
記録	ja
許可	ja
केक	mr
altos	pt
escapar	pt
важна	ru
дух	ru
стар	ru
isku	so
delen	sv
morago	tn
নতুন	bn
februar	de
cable	en
insect	en
زمانی	fa
生産	ja
看護	ja
血	ja
評価	ja
鏡	ja
парите	mk
abril	pt
obter	pt
видим	ru
жива	ru
berde	tl
неправду	uk
kommet	da
produkt	de
inevitable	en
crear	es
هوا	fa
skier	fr
tapi	id
cliente	it
現実	ja
相談	ja
駐車	ja
доверие	ru
toget	da
fatal	en
caído	es
montar	es
benar	id
casino	it
一致	ja
地下	ja
寒	ja
無視	ja
紅茶	ja
肩	ja
शांत	mr
rok	pl
queríamos	pt
адвокатом	ru
карта	ru
рак	ru
ulan	tl
rol	tr
angeles	en
jet	en
trace	en
villages	en
conscient	fr
lampe	fr
malin	fr
ime	ig
polonia	it
借金	ja
六	ja
立場	ja
非難	ja
騒音	ja
pati	lt
дури	mk
darei	pt
gasolina	pt
член	ru
cam	tr
walima	bm
knihy	cs
hos	da
familien	de
ozean	de
olympics	en
verduras	es
ezin	eu
نامه	fa
haine	fr
singe	fr
bal	hu
seri	it
例	ja
果物	ja
穴	ja
米	ja
金曜	ja
dirige	pt
isaac	pt
ocupados	pt
pública	pt
repetir	pt
pia	sw
listede	tr
seks	da
claus	en
confront	en
abandonado	es
proceso	es
ricos	es
välja	et
dun	gl
mara	ha
ọzọ	ig
人物	ja
値	ja
元	ja
兵士	ja
最善	ja
欠席	ja
鉄	ja
gale	lt
начин	mk
både	no
doutor	pt
deras	sv
laman	tl
যদি	bn
kop	da
jones	en
largas	es
gris	fr
kor	hu
kemudian	id
minggu	id
generalmente	it
祖母	ja
amarga	jv
objetos	pt
pintar	pt
provar	pt
спорт	ru
справа	ru
vya	sw
derart	de
rezept	de
anime	en
estimate	en
genial	es
vidrio	es
عمل	fa
ụmụ	ig
taka	is
一言	ja
乗客	ja
先日	ja
相	ja
гледа	mk
гледај	mk
pije	pl
potem	pl
clara	pt
documentos	pt
grama	pt
kastila	tl
fund	en
grip	en
illusion	en
verge	en
agrada	es
mellette	hu
comprando	it
totale	it
上着	ja
城	ja
彼氏	ja
полна	ru
франция	ru
ens	sv
inanır	tr
datter	da
echter	de
ann	en
grandson	en
villagers	en
maleta	es
rápida	es
plats	fr
今回	ja
企業	ja
八	ja
叔母	ja
幸運	ja
指導	ja
物語	ja
自殺	ja
loop	nl
terem	pt
поисках	ru
محمد	sd
riyan	tl
sọ	yo
haft	da
salas	en
ufo	en
considera	es
arance	it
ferie	it
pesa	it
優勝	ja
利益	ja
区別	ja
否定	ja
水泳	ja
無事	ja
美人	ja
腰	ja
証拠	ja
販売	ja
門	ja
離婚	ja
ásia	pt
лист	ru
kia	vi
tur	da
bär	de
fossil	en
ár	is
fantasma	it
lotteria	it
一方	ja
万一	ja
綺麗	ja
៨	km
बंदूक	hi
evento	pt
plástico	pt
utilizar	pt
майк	ru
мгновение	ru
родину	ru
svært	da
tyskland	da
dient	de
confuse	en
objection	en
conduce	es
oeste	es
teclado	es
sota	fi
begitu	id
nọ	ig
pasti	it
不幸	ja
信号	ja
勝利	ja
大勢	ja
手段	ja
階段	ja
отвори	mk
भाग	mr
rekening	nl
colega	pt
mestre	pt
сина	uk
momentan	de
mate	en
profession	en
distinguir	es
método	es
mínimo	es
oled	et
مهم	fa
babal	ff
originale	it
不安	ja
予想	ja
喧嘩	ja
基本	ja
菓子	ja
銃	ja
鼻	ja
syna	pl
nadir	tr
cooler	en
obama	en
radiation	en
robots	en
contado	es
اول	fa
lien	fr
goma	ha
बाहर	hi
gdje	hr
panas	id
disco	it
人類	ja
号	ja
煙草	ja
田中	ja
競争	ja
運	ja
соба	mk
caderno	pt
marte	pt
putem	ro
период	ru
kuya	tl
pulang	tl
nesi	tr
algier	de
naiv	de
contents	en
meta	es
tratado	es
volando	es
صبح	fa
consulter	fr
fita	ha
muka	ha
主人	ja
候補	ja
傾向	ja
危機	ja
地位	ja
奇妙	ja
実現	ja
昨晩	ja
流行	ja
進歩	ja
òg	no
dam	pl
adeus	pt
marca	pt
kuba	rw
illa	sv
phi	vi
izinto	xh
natten	da
panik	de
verdacht	de
smartphone	en
acusado	es
mario	es
آغاز	fa
circonstances	fr
cintura	it
何事	ja
博物	ja
季節	ja
放送	ja
演奏	ja
航空	ja
角	ja
逮捕	ja
kutha	jv
кучето	mk
अनुवाद	mr
agosto	pt
letras	pt
oitenta	pt
paredes	pt
primos	pt
văd	ro
пола	ru
новини	uk
frem	da
clubs	en
etc	en
examine	en
historic	en
lados	es
aliments	fr
vertu	fr
antara	id
selamat	id
lavo	it
punta	it
光景	ja
免許	ja
夕方	ja
建設	ja
期	ja
犠牲	ja
石油	ja
開発	ja
骨	ja
ဤ	my
ansioso	pt
видимо	ru
прочим	ru
файл	ru
oči	cs
søster	da
kleinste	de
lean	en
regime	en
reporter	en
marcha	es
bombe	fr
pukul	id
sinni	is
violino	it
仲間	ja
作文	ja
大声	ja
暑	ja
歓迎	ja
海岸	ja
食料	ja
matei	lt
име	mk
syn	pl
dáme	pt
fluentemente	pt
sentada	pt
apă	ro
jobbet	sv
gud	da
koster	da
fange	de
medien	de
celsius	en
corridor	en
fee	en
vague	en
bebido	es
cuida	es
humo	es
vano	es
vente	fr
kina	ha
laboratorio	it
怖	ja
条件	ja
桜	ja
物価	ja
生物	ja
禁煙	ja
都会	ja
開催	ja
pê	ku
greit	lt
освен	mk
टेनिस	mr
aumentar	pt
greu	ro
nisan	tr
blå	da
positions	en
traditions	en
acteur	fr
ibu	id
入学	ja
列	ja
北海道	ja
協力	ja
合衆	ja
支持	ja
攻撃	ja
牛	ja
計算	ja
мисли	mk
दूध	mr
vann	no
мал	ru
заради	uk
jednu	cs
kávu	cs
smrti	cs
interessantes	de
praxis	de
choir	en
dorm	en
emotion	en
istanbul	en
leopard	en
motivation	en
techniques	en
dormitorio	es
سخت	fa
panier	fr
canza	ha
berhenti	id
membantu	id
nú	is
saman	is
aprile	it
strane	it
何時	ja
供給	ja
効果	ja
宗教	ja
感動	ja
美術	ja
証明	ja
miesto	lt
престани	mk
कप	mr
adultos	pt
autoridades	pt
congresso	pt
gritar	pt
pacientes	pt
verdes	pt
annan	sv
ธ	th
index	vi
aktiv	de
leser	de
antique	en
ballet	en
lung	en
spinning	en
گل	fa
dum	ff
disputer	fr
sót	hu
njem	ig
figura	it
panda	it
出来事	ja
家具	ja
発言	ja
ама	mk
моите	mk
ave	pt
realizar	pt
varanda	pt
тайна	ru
били	sr
کام	ur
seka	bm
egen	da
sko	da
neid	de
alaqsa	en
associate	en
lest	en
tissue	en
universities	en
elefante	es
mover	es
gam	ff
ange	fr
plafond	fr
poden	gl
भारतीय	hi
ị	ig
gira	it
交換	ja
人前	ja
権	ja
発生	ja
秘書	ja
自信	ja
資金	ja
運命	ja
стана	mk
दर	mr
duitse	nl
gebied	nl
orde	nl
boi	pt
definitivamente	pt
господина	ru
оставим	ru
liten	sv
тих	uk
علم	ar
bogen	da
mener	da
agenda	en
cocaine	en
lincoln	en
risen	en
scheme	en
pellel	ff
grandsparents	fr
masse	fr
प्रकार	hi
evidente	it
利口	ja
左	ja
挨拶	ja
礼儀	ja
紳士	ja
遠慮	ja
brata	pl
admitir	pt
cansados	pt
certos	pt
cigarro	pt
inglesa	pt
голодна	ru
играем	ru
прекрасна	ru
старших	ru
musika	tl
voda	cs
solen	da
stå	da
bildet	de
roboter	de
leadership	en
tanaka	en
delicioso	es
cuire	fr
gama	ha
स्थित	hi
ruo	ig
assistente	it
dente	it
tigre	it
viola	it
共	ja
喉	ja
地面	ja
恋愛	ja
方向	ja
横断	ja
貿易	ja
carona	pt
franceses	pt
têlo	pt
истина	ru
januari	sv
ไฟ	th
susi	tl
trak	tl
ilu	yo
نفس	ar
musíte	cs
måtte	da
bedanken	de
fantasie	de
kater	de
organisation	de
province	en
baile	es
bote	es
mando	es
petróleo	es
خارج	fa
وی	fa
bawah	id
hampir	id
curry	it
thailandia	it
休憩	ja
党	ja
小屋	ja
師	ja
毎週	ja
管理	ja
貯金	ja
購入	ja
首相	ja
dienas	lt
जॉन	mr
kende	nl
pobreza	pt
saj	sq
enda	sv
telefona	tr
yaşı	tr
بن	ur
vinduet	da
bananen	de
pound	en
خدا	fa
سفر	fa
contesto	it
増加	ja
完璧	ja
様子	ja
物理	ja
礼	ja
緊張	ja
貴方	ja
psy	pl
sentimento	pt
barko	tl
i̇sa	tr
sincap	tr
سو	ur
satte	da
emissions	en
orchestra	en
comprendo	es
turistas	es
حدود	fa
kinn	hu
oké	hu
mandi	it
割	ja
化学	ja
同時	ja
夕飯	ja
天才	ja
太郎	ja
女優	ja
投票	ja
産業	ja
聴衆	ja
記念	ja
論文	ja
賢明	ja
軽蔑	ja
迷惑	ja
頭痛	ja
идеја	mk
kaas	nl
немало	ru
bato	tl
ènìyàn	yo
দিন	bn
immune	en
trombone	en
crea	es
suave	es
terhadap	id
veit	is
busta	it
principi	it
七	ja
便利	ja
幽霊	ja
心臓	ja
故郷	ja
文学	ja
新車	ja
景色	ja
爆発	ja
眼鏡	ja
被害	ja
選択	ja
गे	mr
adres	pl
reserva	pt
tiro	pt
ventos	pt
болят	ru
доклад	ru
laki	tl
quen	vi
kod	bs
bolí	cs
skolen	da
tro	da
tales	en
منتظر	fa
poli	fr
keluar	id
ideale	it
夫婦	ja
棚	ja
発音	ja
直接	ja
虫	ja
観	ja
軍	ja
donya	jv
वा	ne
absoluta	pt
pago	pt
зато	ru
чисто	ru
sant	sv
pis	tr
فتح	ar
málo	cs
timer	da
arabisch	de
tomaten	de
estúpida	es
habitual	es
mantiene	es
joo	fi
siis	fi
yön	fi
havonta	hu
spanyol	hu
kebab	it
型	ja
女子	ja
悪口	ja
時期	ja
検査	ja
睡眠	ja
祭	ja
米国	ja
моето	mk
टोपी	mr
gedachten	nl
convencido	pt
берлин	ru
штатах	ru
prej	sq
adlı	tr
جمال	ar
vodu	cs
hånd	da
conclusions	en
legionnaires	en
protein	en
susan	en
taro	en
vancouver	en
músico	es
پشت	fa
millió	hu
digunakan	id
sincero	it
処理	ja
夜中	ja
本気	ja
独立	ja
目標	ja
裁判	ja
記事	ja
៦	km
tos	lt
obraz	pl
querida	pt
tira	pt
миль	ru
посольство	ru
dahon	tl
espanya	tl
telepono	tl
ضد	ar
maler	de
vines	en
votes	en
botas	es
vies	fr
hitte	hu
spada	it
券	ja
物事	ja
系	ja
費用	ja
非	ja
brak	nl
engelse	nl
droga	pl
jedna	pl
сигнал	ru
sverige	sv
сонце	uk
মতে	as
buď	cs
jediný	cs
kafe	cs
stane	cs
znamená	cs
čaj	cs
attraktiv	de
geplant	de
alaska	en
surprises	en
flauta	es
trece	es
ahal	eu
charme	fr
dessous	fr
magro	it
下手	ja
作業	ja
勇敢	ja
文章	ja
神経	ja
競技	ja
西	ja
गरम	mr
regering	nl
boga	pl
inteligentes	pt
unidas	pt
álbum	pt
نالو	sd
eo	tn
món	vi
minulý	cs
unavený	cs
manches	de
betty	en
boost	en
denmark	en
saturn	en
talents	en
trainer	en
wikipedia	en
agradecido	es
alegre	es
cabra	es
licencia	es
perdona	es
seco	es
آزاد	fa
گرم	fa
compose	en
imaginé	fr
kaina	ha
apaapa	id
paste	it
serpente	it
平均	ja
料金	ja
日記	ja
無料	ja
lente	nl
aparentemente	pt
continente	pt
gata	pt
lângă	ro
шапка	ru
inta	so
odam	tr
prenses	tr
казала	uk
bescheiden	de
brett	de
stinkt	de
amateur	en
attentive	en
brethren	en
ceo	en
certificate	en
compassion	en
crocodile	en
francisco	en
mandarin	en
resume	en
stir	en
pluma	es
ritmo	es
santo	es
انتخاب	fa
comité	fr
dames	fr
anjing	id
cinta	id
amante	it
pur	it
以内	ja
保険	ja
億	ja
全力	ja
内容	ja
原子	ja
建築	ja
政策	ja
料	ja
昭和	ja
比較	ja
解雇	ja
訳	ja
esquiar	pt
obviamente	pt
билета	ru
тип	ru
millimeter	sv
lolo	tl
پاس	ur
ọkọ̀	yo
derfor	da
einstein	en
precise	en
temples	en
ridículo	es
dugu	eu
commander	fr
pelouse	fr
negeri	id
salto	it
一日	ja
上昇	ja
初	ja
有効	ja
本物	ja
機能	ja
葉	ja
退職	ja
鉄道	ja
額	ja
очите	mk
wilden	nl
adulto	pt
caras	pt
controlar	pt
entrevista	pt
tribunal	pt
долги	ru
deri	sq
eskwela	tl
fransa	tr
restorana	tr
ঠিক	bn
tokom	bs
nápad	cs
takže	cs
finnland	de
modernen	de
rucksack	de
sterbe	de
arrogance	en
drum	en
lunar	en
neutral	en
propaganda	en
nende	et
suuren	fi
usine	fr
kedua	id
gesto	it
不明	ja
交渉	ja
仲	ja
位	ja
公平	ja
出版	ja
多数	ja
婦	ja
専攻	ja
構成	ja
組織	ja
книгата	mk
दक्षिण	hi
افغانستان	ps
soldado	pt
unhas	pt
verbo	pt
адреса	ru
بہ	sd
kjer	sl
lakini	sw
tlase	tn
kitaba	tr
manzara	tr
motive	tr
protesto	tr
rente	de
deme	es
marzo	es
principales	es
دوران	fa
frites	fr
âne	fr
comprende	it
elegante	it
vendendo	it
手術	ja
民主	ja
発展	ja
複雑	ja
議長	ja
首都	ja
missen	nl
plannen	nl
siga	pt
mei	ro
rada	sk
বাবা	bn
zima	cs
studentin	de
－	de
broccoli	en
interlingua	en
mortal	en
orphan	en
spray	en
supervisor	en
wato	ha
बीच	hi
maaf	id
meira	is
'	it
不平	ja
南	ja
器	ja
廃止	ja
意志	ja
戦	ja
教科	ja
最新	ja
汚染	ja
深刻	ja
玄関	ja
現場	ja
白	ja
草	ja
行儀	ja
表	ja
誤解	ja
輸入	ja
集中	ja
darai	lt
डॉलर	mr
gir	no
causar	pt
contando	pt
джаз	ru
dugo	tl
harita	tr
ofisi	tr
vay	tr
također	bs
sengen	da
kasse	de
accusations	en
alliance	en
phase	en
pirate	en
barcos	es
cuidadoso	es
territorio	es
مرکز	fa
demi	fr
relativement	fr
technologie	fr
ih	hr
tijekom	hr
berjalan	id
fuma	it
naturalmente	it
pianista	it
以下	ja
余地	ja
俳優	ja
傷	ja
居	ja
癖	ja
笑顔	ja
院	ja
黒	ja
глава	mk
гледаш	mk
користи	mk
куче	mk
прво	mk
राजा	mr
verlegen	nl
waarin	nl
szpitalu	pl
círculo	pt
gasta	pt
parlamento	pt
vârstă	ro
партия	ru
пса	ru
nta	rw
nais	tl
ekstra	tr
harvard'a	tr
قتل	ar
budete	cs
spí	cs
nobel	en
nut	en
comercial	es
mediante	es
polaco	es
شکل	fa
impatience	fr
polonais	fr
tizi	fr
kelas	id
nervi	it
世	ja
代表	ja
劇場	ja
友情	ja
市長	ja
愛情	ja
戸	ja
業	ja
犯人	ja
職業	ja
講義	ja
超	ja
食	ja
забавно	mk
aprendemos	pt
barata	pt
contratar	pt
décadas	pt
yar	so
baada	sw
nemusíš	cs
zuby	cs
rand	de
volle	de
composer	en
jordan	en
lisa	en
mineral	en
occasions	en
amas	es
experimento	es
mosquitos	es
trago	es
قانون	fa
responsables	fr
sien	fr
sanyi	hu
surat	id
maọbụ	ig
resa	it
不満	ja
九	ja
北	ja
幾	ja
広告	ja
文法	ja
疑問	ja
直面	ja
舞台	ja
重大	ja
鞄	ja
ceny	pl
matthews	ro
банку	ru
دنيا	sd
helst	sv
ญ	th
tauhan	tl
koyar	tr
гей	uk
názor	cs
cirka	da
stedet	da
varmt	da
hing	de
axe	en
cocktail	en
skull	en
watson	en
grano	es
manga	es
parecido	es
permanecer	pt
uvas	es
moj	hr
awal	id
lakilaki	id
mudah	id
慎重	ja
背中	ja
袋	ja
製	ja
速度	ja
霧	ja
bibe	ku
шест	mk
तीस	mr
नदी	mr
zussen	nl
japonia	pl
observar	pt
pedimos	pt
preocupados	pt
responde	pt
tá	pt
вечерам	ru
tým	sk
syster	sv
garanti	tr
জাতীয়	bn
saal	de
aldea	es
حد	fa
شمال	fa
lasten	fi
autochtones	fr
composto	it
位置	ja
双子	ja
味方	ja
命令	ja
学習	ja
暗記	ja
正午	ja
汽車	ja
率	ja
結論	ja
訓練	ja
達成	ja
類	ja
drugi	pl
considerar	pt
hábitos	pt
recuperar	pt
unii	ro
пар	ru
disa	sq
gått	sv
andan	tr
gent	ca
mladý	cs
leisure	en
miracles	en
monument	en
tolerant	en
damas	es
menores	es
noventa	es
آزادی	fa
رنگ	fa
mengambil	id
pria	id
origine	it
perfino	it
tenne	it
寺	ja
役割	ja
従業	ja
放課	ja
税	ja
羽	ja
警告	ja
高価	ja
babagan	jv
вози	mk
досега	mk
autobusem	pl
firmy	pl
enormes	pt
fluente	pt
medicamentos	pt
днем	ru
лондона	ru
х	ru
rẹ	yo
হয়	as
nalazi	bs
nemáme	cs
gases	en
imitate	en
maintenance	en
جان	fa
طرف	fa
مشغول	fa
pistolet	fr
यात्रा	hi
今月	ja
制度	ja
劇	ja
忍耐	ja
東	ja
核	ja
治療	ja
消費	ja
相当	ja
英	ja
話題	ja
貴重	ja
質	ja
追加	ja
離陸	ja
青	ja
ên	ku
другите	mk
korte	nl
jednej	pl
tomada	pt
чайник	ru
abala	tl
kasten	tr
аж	uk
কম	bn
jablko	cs
mohli	cs
pozor	cs
hase	de
republik	de
apparent	en
kanji	en
satan	en
mochila	es
تحمل	fa
شاید	fa
نان	fa
etsin	fi
saisi	fr
seize	fr
bili	hr
bụrụ	ig
世間	ja
印象	ja
大会	ja
指輪	ja
新鮮	ja
期間	ja
様々	ja
渋滞	ja
漫画	ja
画家	ja
緑	ja
親友	ja
評判	ja
誠実	ja
遅	ja
твоја	mk
दूर	mr
ene	nl
wegens	nl
chora	pl
известна	ru
filmen	sv
vårt	sv
aleman	tl
idam	tr
lider	tr
nat	da
sukker	da
handel	de
kopie	de
conviction	en
merchant	en
moustache	en
pirates	en
portrait	en
imperio	es
quinto	es
حقوق	fa
hetente	hu
menit	id
dika	ig
gbasara	ig
gị	ig
ụfọdụ	ig
体調	ja
富	ja
当地	ja
検討	ja
症	ja
神戸	ja
策	ja
豊富	ja
費	ja
道具	ja
障害	ja
остане	mk
algemeen	nl
meir	no
aparat	pl
científica	pt
famosos	pt
negar	pt
sueco	pt
º	pt
парка	ru
француз	ru
svoj	sk
hii	sw
etek	tr
sakal	tr
جاتی	ur
nje	xh
tún	yo
cal	ca
slags	da
fang	de
accountant	en
attendant	en
caesar	en
cello	en
miller	en
surveillance	en
consideran	es
sorprende	es
tono	es
سطح	fa
indispensable	fr
उपयोग	hi
खेल	hi
gunung	id
meja	id
perjalanan	id
niile	ig
一目	ja
休日	ja
勤務	ja
医師	ja
安心	ja
拒否	ja
採用	ja
油	ja
波	ja
製造	ja
農場	ja
името	mk
неговите	mk
писмо	mk
कम्प्यूटर	mr
चुका	mr
मांस	mr
daje	pl
aparece	pt
consultar	pt
crescendo	pt
césar	pt
nevar	pt
quilómetros	pt
suéter	pt
talentoso	pt
офиса	ru
harap	tr
saate	tr
yahudi	tr
پانی	ur
buýt	vi
chlapec	cs
bedacht	de
hilton	en
populations	en
tents	en
bonitos	es
postal	es
precisamente	es
unido	es
d'à	fr
piste	fr
tissu	fr
penting	id
terus	id
canale	it
efficiente	it
lenta	it
salve	it
千	ja
営業	ja
損害	ja
日々	ja
最悪	ja
намера	mk
किस	mr
जी	mr
jumlah	ms
vorm	nl
exige	pt
holanda	pt
martelo	pt
подумаю	ru
zato	sl
месту	sr
apollo	su
sunda	su
enkelt	sv
katter	sv
banni	tn
yazdığı	tr
stationen	da
lager	de
manieren	de
corpus	en
fart	en
pese	es
presta	es
robinet	fr
solide	fr
esti	hu
database	it
novembre	it
名声	ja
姉妹	ja
景気	ja
熊	ja
裕福	ja
лекар	mk
धर्म	hi
deprimido	pt
nativos	pt
perdida	pt
populares	pt
redes	pt
великим	ru
вирус	ru
سالن	sd
moo	st
ษ	th
iksamen	tl
cana	tr
àrùn	yo
ọmọ	yo
eren	ca
små	da
altar	en
domain	en
seal	en
strengthen	en
deliciosa	es
falsa	es
revistas	es
درس	fa
gardien	fr
genou	fr
mota	ha
marah	id
perang	id
senta	it
会員	ja
共通	ja
制限	ja
宅	ja
対処	ja
成田	ja
未来	ja
火曜	ja
男子	ja
界	ja
詳細	ja
頂上	ja
platini	jv
очи	mk
погледна	mk
distante	pt
escalar	pt
fascinante	pt
imprensa	pt
sar	ro
чудом	ru
dve	sk
nebi	so
ngan	su
catalogue	sv
kwenye	sw
hindistan	tr
sistem	tr
بلد	ar
amerikanske	da
galt	da
hvert	da
heller	de
keks	de
filipino	en
fuss	en
infantil	es
lea	es
nevando	es
pensamos	es
تبدیل	fa
grippe	fr
planter	fr
politicien	fr
sungai	id
ụzọ	ig
今後	ja
例文	ja
医	ja
大金	ja
強盗	ja
批判	ja
沢山	ja
洋	ja
漢字	ja
監督	ja
破壊	ja
記者	ja
設立	ja
bê	ku
सेक्सी	mr
stak	nl
talet	no
tallet	no
ulike	no
combate	pt
conter	pt
políticas	pt
sê	pt
franceza	ro
гитара	ru
мари	ru
футболу	ru
janten	su
jina	sw
varken	tr
صرف	ur
nka	bm
sg	bs
hodinu	cs
flut	de
accuse	en
conquer	en
discussions	en
metas	es
puro	es
transporte	es
آواز	fa
حفظ	fa
رفتار	fa
کل	fa
kohti	fi
alger	fr
correspond	fr
devine	fr
formation	fr
prudence	fr
राज्य	hi
mencari	id
seluruh	id
atọ	ig
ọrịa	ig
ụgbọ	ig
calendario	it
farmacia	it
respiro	it
予報	ja
以降	ja
冷静	ja
刑務	ja
加減	ja
博士	ja
夫人	ja
有罪	ja
注目	ja
洪水	ja
生涯	ja
登場	ja
範囲	ja
花瓶	ja
途方	ja
mendapat	ms
ဿ	my
jammer	nl
نوم	ps
devolver	pt
dirá	pt
gastar	pt
liber	ro
студентка	ru
супа	ru
т	ru
قائم	sd
موجود	sd
empa	st
svar	sv
lefatsheng	tn
dev	tr
dobrá	cs
kým	cs
nær	da
automatisch	de
datum	de
societies	en
moderno	es
precioso	es
sobra	es
tela	es
vasos	es
لازم	fa
kohta	fi
foron	gl
saba	ha
उन	hi
guru	id
keluarga	id
obere	ig
eitt	is
diamante	it
nagoya	it
世代	ja
停	ja
分別	ja
勝手	ja
医学	ja
大戦	ja
定期	ja
惑星	ja
投資	ja
指摘	ja
物質	ja
現金	ja
羊	ja
肌	ja
行	ja
衝突	ja
逆	ja
長年	ja
jawa	jv
समस्या	mr
wilayah	ms
leger	nl
procent	nl
constante	pt
célula	pt
olímpicos	pt
preste	pt
некому	ru
ena	st
sena	st
nepi	su
laro	tl
portuges	tl
bokone	tn
ntle	tn
almanı	tr
píše	cs
hellere	da
kl	da
uni	de
helen	en
pad	en
pipes	en
punk	en
roller	en
skype	en
unite	en
horizonte	es
tentación	es
típico	es
bost	eu
معلم	fa
bih	hr
koliko	hr
merah	id
analisi	it
okinawa	it
作法	ja
同士	ja
担当	ja
日中	ja
格好	ja
歩	ja
空腹	ja
記入	ja
診	ja
韓国	ja
argi	lt
стане	mk
учи	mk
domina	pt
nublado	pt
sentados	pt
săptămâna	ro
проблемами	ru
святого	ru
живота	sr
hivyo	sw
ฏ	th
dumaan	tl
پاکستان	ur
umzekelo	xh
oṣù	yo
ìgbà	yo
пет	bg
toga	bs
austrálii	cs
dala	cs
schopen	cs
rødt	da
slå	da
accessible	en
alexander	en
bandage	en
habitat	en
ingredient	en
pier	en
telegram	en
corea	es
eeuu	es
helicóptero	es
temer	pt
امید	fa
conserver	fr
magie	fr
crocodilos	gl
एवं	hi
bumi	id
mbụ	ig
dista	it
magra	it
testamento	it
villa	it
企画	ja
保護	ja
友	ja
反応	ja
古代	ja
同	ja
対応	ja
岩	ja
底	ja
影	ja
快適	ja
時刻	ja
暗闇	ja
永遠	ja
汗	ja
緊急	ja
芝生	ja
'an	ku
amerikos	lt
уморен	mk
सूर्य	hi
olie	nl
waarvan	nl
consiga	pt
críticas	pt
fingir	pt
graves	pt
conform	ro
гол	ru
животе	ru
причинам	ru
бостону	sr
vore	sv
плаче	uk
উচিত।	bn
hudbu	cs
mým	cs
včas	cs
šla	cs
personer	da
unge	da
champagner	de
julia	de
oper	de
aaron	en
attendance	en
cartoon	en
mentor	en
trout	en
lobos	es
rota	es
tabaco	es
tarda	es
معنی	fa
dow	ff
contes	fr
पूर्व	hi
iako	hr
kel	hu
empat	id
gegn	is
中央	ja
京成	ja
同情	ja
同然	ja
報道	ja
塔	ja
寿司	ja
座	ja
抗議	ja
無実	ja
移動	ja
胃	ja
証	ja
資源	ja
雷	ja
青年	ja
banget	jv
минути	mk
седи	mk
четири	mk
gespeeld	nl
atos	pt
instrumentos	pt
sobremesa	pt
oră	ro
året	sv
ressam	tr
студенти	uk
فوق	ar
srdce	cs
ulici	cs
forbi	da
taifun	de
assange	en
laurie	en
vitamin	en
entradas	es
escolar	es
estatua	es
frigorífico	es
paro	es
posibilidades	es
waya	ha
halálos	hu
candidato	it
mayuko	it
健	ja
勘定	ja
常識	ja
服装	ja
未	ja
次々	ja
混乱	ja
煙	ja
玉	ja
納得	ja
講演	ja
路線	ja
pêk	ku
mans	lv
добри	mk
wang	ms
centrum	pl
eterna	pt
exames	pt
explica	pt
piquenique	pt
sara	pt
verbos	pt
تعليم	sd
ithal	tr
ovaj	bs
units	ca
består	da
følge	da
doof	de
intelligenter	de
brian	en
charger	en
harbour	en
martin	en
técnica	es
تعداد	fa
amical	fr
poing	fr
túa	gl
•	hr
jerman	id
termasuk	id
reti	it
二十	ja
単位	ja
取引	ja
哲学	ja
宝石	ja
板	ja
毒	ja
無罪	ja
率直	ja
職場	ja
謎	ja
負傷	ja
近頃	ja
違反	ja
靴下	ja
kasebut	jv
saiki	jv
parasti	lv
пие	mk
чита	mk
पत्नी	hi
alcance	pt
fruto	pt
gripe	pt
espanyol	tl
mabedi	tn
burnu	tr
плану	uk
ابن	ar
sendt	da
helft	de
metall	de
optimist	de
spinat	de
yumi	de
ache	en
antarctica	en
bronze	en
elizabeth	en
fills	en
fingernails	en
hamlet	en
tornado	en
acabamos	es
hilo	es
oportunidades	es
quitar	es
فرد	fa
mondial	fr
imaju	hr
enam	id
tadi	id
bottone	it
lana	it
maestria	it
magia	it
noce	it
religioso	it
伝統	ja
優秀	ja
就職	ja
山田	ja
強調	ja
所属	ja
暴力	ja
毎晩	ja
理想	ja
美	ja
習得	ja
診察	ja
heta	ku
darau	lt
нашата	mk
плати	mk
gasten	nl
venstre	no
زده	ps
centímetros	pt
dólar	pt
велики	sr
augusti	sv
meningen	sv
terrängen	sv
ndani	sw
eksperimento	tl
tahanan	tl
nale	tn
tona	tn
риба	uk
সত্য	as
হাত	bn
chleba	cs
naposledy	cs
rodinu	cs
endelig	da
japanske	da
verband	de
anderson	en
georgia	en
inferior	en
kenya	en
peninsula	en
reunion	en
veins	en
agente	es
sábados	es
انتظار	fa
مال	fa
varas	fi
familier	fr
berasal	id
dikenal	id
pintu	id
estranei	it
evidentemente	it
turista	it
usò	it
一時	ja
侮辱	ja
保証	ja
冒険	ja
合図	ja
名誉	ja
多額	ja
対象	ja
差	ja
急速	ja
指示	ja
旧友	ja
是非	ja
機関	ja
洋服	ja
湯	ja
犯	ja
瓶	ja
立命	ja
署名	ja
身長	ja
適切	ja
隊	ja
'ê	ku
минута	mk
कंपनी	mr
natuur	nl
kawa	pl
uda	pl
arranjar	pt
capa	pt
cruz	pt
entregar	pt
kuko	rw
mpo	su
pisan	su
middag	sv
stund	sv
ube	tl
motho	tn
роден	bg
জন	bn
alpha	en
formula	en
fred	en
jog	en
metals	en
newton	en
ramen	en
solitude	en
touches	en
abandonada	es
actividades	es
olas	es
ácido	es
koos	et
عادت	fa
contraint	fr
inde	fr
intime	fr
mista	ha
hú	hu
eropa	id
melalui	id
nanti	id
sebenarnya	id
nile	ig
体育	ja
分野	ja
区	ja
医療	ja
呼吸	ja
外交	ja
大量	ja
市民	ja
挑戦	ja
施設	ja
有能	ja
瞬間	ja
表情	ja
配達	ja
galo	lt
месец	mk
реши	mk
पहिला	mr
stropdas	nl
tong	nl
koncert	pl
problemem	pl
amamos	pt
aprecio	pt
bala	pt
despedir	pt
encontrará	pt
eterno	pt
potencial	pt
textos	pt
избран	ru
погоди	ru
mos	sq
vitit	sq
dipaké	su
alemanya	tl
palengke	tl
watawat	tl
blok	tr
kuphela	xh
حوالي	ar
dø	da
vinteren	da
heu	de
kamin	de
materie	de
wale	de
hare	en
sydney	en
alérgico	es
paraíso	es
piña	es
veremos	es
senstu	fr
vremena	hr
agar	id
biasa	id
umum	id
kaupa	is
上達	ja
伝言	ja
入場	ja
周	ja
失望	ja
失業	ja
徐々	ja
恋人	ja
意地	ja
感覚	ja
本屋	ja
毎月	ja
獲得	ja
観察	ja
設計	ja
輸出	ja
電子	ja
順調	ja
高速	ja
asê	ku
arti	lt
главата	mk
зад	mk
научи	mk
membawa	ms
equipamento	pt
escala	pt
osso	pt
programas	pt
mănânc	ro
mănâncă	ro
săptămână	ro
وچ	sd
maten	sv
tanzania	sw
kanin	tl
sentle	tn
ilin	az
dní	cs
glocke	de
ganon	en
innovation	en
poster	en
superficial	en
vanilla	en
vessel	en
yamada	en
astuto	es
cadáver	es
musulmanes	es
únicos	es
حل	fa
gotel	ff
joen	fi
arranger	fr
hada	ha
waka	ha
ići	hr
perusahaan	id
selesai	id
nara	it
体験	ja
支援	ja
母語	ja
港	ja
版	ja
独身	ja
皮	ja
確実	ja
税金	ja
脳	ja
自体	ja
航海	ja
色々	ja
財政	ja
随分	ja
顔色	ja
supaya	jv
starp	lv
двете	mk
आग	mr
val	nl
gram	pl
concentrar	pt
durar	pt
líderes	pt
observando	pt
tosse	pt
sora	ro
секрете	ru
ker	sl
sot	sq
kusini	sw
kwamba	sw
sehemu	sw
светр	uk
مربع	ur
hê	af
края	bg
logisch	de
nod	en
privilege	en
reef	en
steve	en
presentar	es
recibe	es
¡tú	es
آسان	fa
کرد،	fa
daji	ha
buah	id
yaitu	id
cari	it
tragedia	it
主	ja
団体	ja
天然	ja
少々	ja
徒	ja
思想	ja
所在	ja
最低	ja
沈黙	ja
深	ja
特徴	ja
目撃	ja
行方	ja
表面	ja
要素	ja
規模	ja
軍隊	ja
軒	ja
tengah	jv
gitara	lt
उपलब्ध	mr
mesti	ms
terbaik	ms
betekenis	nl
regende	nl
kalla	no
bancos	pt
cesta	pt
cheque	pt
descendentes	pt
escritos	pt
eventos	pt
usamos	pt
prost	ro
музея	ru
популярна	ru
بابت	sd
تاريخ	sd
ช	th
داخل	ar
মা	bn
মূল	bn
međutim	bs
oblasti	cs
reisende	de
cables	en
costumes	en
genes	en
males	en
skeleton	en
causas	es
coser	es
grito	es
privada	es
arabera	eu
franc	fr
jenis	id
anọ	ig
tupu	ig
búa	is
lenti	it
低	ja
品物	ja
喫茶	ja
大雨	ja
寄付	ja
巨大	ja
平等	ja
弁当	ja
従事	ja
手袋	ja
握手	ja
文書	ja
昇進	ja
根	ja
気味	ja
消防	ja
経由	ja
脚	ja
見当	ja
覚悟	ja
通学	ja
関連	ja
वाक्य	hi
ဧ	my
herfst	nl
considerada	pt
consulta	pt
cresci	pt
inconsciente	pt
plena	pt
retirar	pt
заплатила	ru
mukuru	rw
redo	sv
maden	tr
gẹ́gẹ́	yo
mú	yo
eeu	af
града	bg
bena	bm
নিশ্চিত	bn
ভুল	bn
vegada	ca
faktisk	da
forhold	da
japansk	da
abdelaziz	en
canaan	en
needles	en
trojan	en
circo	es
valle	es
دل	fa
شاه	fa
فارسی	fa
hinta	fi
lança	fr
विभिन्न	hi
bunga	id
kepala	id
putih	id
taman	id
utama	id
infantile	it
住宅	ja
依頼	ja
保存	ja
判決	ja
名古屋	ja
大半	ja
大臣	ja
改善	ja
数字	ja
札	ja
株	ja
浪費	ja
火災	ja
登録	ja
眼	ja
維持	ja
群衆	ja
臆病	ja
舌	ja
課題	ja
長崎	ja
食品	ja
veikti	lt
филм	mk
huidige	nl
sidan	no
nogi	pl
aarão	pt
admiro	pt
aumenta	pt
avenida	pt
favoritos	pt
permitame	pt
râs	ro
tânăr	ro
играя	ru
энергия	ru
dunya	su
mimiti	su
karot	tl
kontrata	tl
aforika	tn
yaşını	tr
slovník	cs
forelsket	da
sulten	da
binden	de
kg	de
angles	en
apes	en
assert	en
burgers	en
cantonese	en
clung	en
crane	en
diagnosis	en
dolphin	en
englishman	en
gallery	en
gluten	en
gravitational	en
influences	en
informal	en
intervene	en
koalas	en
loans	en
malaria	en
newer	en
optimism	en
ozone	en
patrol	en
picasso	en
pollen	en
possesses	en
prone	en
protocol	en
radar	en
sri	en
tango	en
tim	en
tofu	en
tricky	en
vatican	en
viruses	en
vomit	en
macho	es
preferida	es
آثار	fa
رد	fa
قول	fa
majum	ff
brise	fr
pensions	fr
sidi	fr
kisan	ha
प्रयोग	hi
discreta	it
oscar	it
positiva	it
sms	it
代理	ja
何故	ja
初心	ja
制服	ja
化粧	ja
地元	ja
奈良	ja
小麦	ja
日常	ja
民族	ja
若	ja
観客	ja
設置	ja
誘惑	ja
賃金	ja
資格	ja
野生	ja
隣人	ja
頬	ja
餌	ja
鬼	ja
provinsi	jv
jiyana	ku
êdî	ku
ngc	mk
pihak	ms
अनुसार	ne
ambassade	nl
cukru	pl
golfa	pl
fina	pt
tímida	pt
bea	ro
قديم	sd
هٿ	sd
karna	su
estante	tl
sonuncu	tr
حضرت	ur
mọ́	yo
genoem	af
وجه	ar
представа	bg
kabát	cs
samt	da
telefonen	da
fantastisch	de
hebe	de
lotto	de
aart	en
accordion	en
agents	en
asteroids	en
avail	en
clowns	en
diarrhea	en
dusk	en
educate	en
freckles	en
hottest	en
icon	en
input	en
kangaroos	en
kennedy	en
napoleon	en
parlor	en
potter	en
renaissance	en
roles	en
saddle	en
significance	en
stool	en
tiles	en
toothache	en
ukulele	en
crítica	es
intenso	es
vencido	es
minna	et
کرد؟	fa
nesa	ha
preko	hr
penuh	id
adolescente	it
composta	it
fuga	it
traduce	it
voli	it
人工	ja
共和	ja
分析	ja
大抵	ja
天井	ja
好奇	ja
容疑	ja
恥	ja
扉	ja
気温	ja
状	ja
用心	ja
由美	ja
病人	ja
芝居	ja
解釈	ja
請求	ja
賞賛	ja
食欲	ja
остана	mk
топло	mk
blik	nl
mogli	pl
adolescentes	pt
alarme	pt
ataques	pt
atentamente	pt
desaparecer	pt
expectativas	pt
ingleses	pt
juntamente	pt
simpático	pt
valores	pt
aprilie	ro
главе	ru
порт	ru
узнав	ru
aký	sk
kasta	so
cila	sq
salaku	su
ringer	sv
rati	tl
jang	tn
noka	tn
aksanı	tr
hamas	tr
однак	uk
zonke	xh
lé	yo
ọ̀nà	yo
gevolg	af
помощ	bg
walasa	bm
muže	cs
morgenen	da
videre	da
vilje	da
americas	en
ashton	en
blunt	en
bonds	en
bulk	en
caps	en
coffin	en
edward	en
ethical	en
girls'	en
merchandise	en
netflix	en
noah	en
processes	en
prospect	en
provinces	en
ribbon	en
romeo	en
traps	en
voluntarily	en
económico	es
fritas	es
obstante	es
visitas	es
علی	fa
koncertre	hu
berwarna	id
ikan	id
kuat	id
igbo	ig
estivo	it
proteine	it
rami	it
sincera	it
両手	ja
中学	ja
人種	ja
史	ja
各	ja
塀	ja
大雪	ja
女王	ja
孤独	ja
寝室	ja
年度	ja
拡大	ja
旗	ja
日光	ja
昼寝	ja
流暢	ja
無礼	ja
発行	ja
砂	ja
節約	ja
精	ja
討論	ja
abi	lt
jauna	lt
излезе	mk
ahli	ms
ဋ	my
gewassen	nl
britiske	no
ópera	pt
дата	ru
знай	ru
работ	ru
сезона	ru
uyu	rw
klart	sv
kultura	tl
kopa	tn
i̇ran	tr
ordusu	tr
zemlje	bs
prop	ca
muži	cs
medicin	da
heilt	de
neuseeland	de
reizend	de
resultat	de
albert	en
analysts	en
apps	en
arthur	en
blossom	en
breakup	en
bud	en
canoeing	en
chorus	en
comets	en
contempt	en
damaging	en
dock	en
feasible	en
fertile	en
flung	en
geese	en
grudge	en
halal	en
hamburgers	en
ideals	en
implement	en
inclusive	en
instruction	en
irresistible	en
jimmy	en
lectures	en
milan	en
nearer	en
philosophical	en
poorer	en
quiz	en
sato	en
sovereign	en
stroll	en
taxis	en
venezuela	en
cristiano	es
gallo	es
infinito	es
optimista	es
hado	ff
orava	fi
rannalle	fi
consommer	fr
lessive	fr
verse	fr
जहाँ	hi
langsung	id
elu	ig
eprel	ig
juun	ig
individui	it
mago	it
marina	it
丁寧	ja
何百	ja
共同	ja
収穫	ja
妊娠	ja
婚約	ja
対	ja
引用	ja
心理	ja
応募	ja
意気	ja
有利	ja
期限	ja
決断	ja
独特	ja
県庁	ja
着陸	ja
論	ja
貴社	ja
金属	ja
限	ja
lair	jv
масата	mk
плива	mk
पैसा	mr
herstellen	nl
sweter	pl
culturas	pt
fardo	pt
oriental	pt
televizor	ro
бури	ru
enligt	sv
ordet	sv
svart	sv
sachet	tl
tota	tn
mladá	cs
sedí	cs
učím	cs
eget	da
varer	da
giftig	de
acceptance	en
barren	en
camps	en
chopin	en
cinderella	en
concepts	en
deliberate	en
detergent	en
dj	en
enable	en
fishermen	en
galileo	en
harassment	en
hezbollah	en
hiroshima	en
irregular	en
lens	en
lobster	en
mafia	en
mayonnaise	en
migrants	en
napkin	en
phoenician	en
scenario	en
statues	en
steering	en
tsunami	en
vibrant	en
villain	en
vulgar	en
wagon	en
capacidades	es
indicar	es
presenta	es
usas	es
alusta	fi
dinosaures	fr
imbéciles	fr
concello	gl
malamin	ha
उदाहरण	hi
hati	id
semakin	id
ọkụ	ig
býr	is
americane	it
arabi	it
seta	it
予算	ja
何処	ja
依存	ja
具体	ja
内気	ja
分間	ja
印刷	ja
太平	ja
嫉妬	ja
学園	ja
害	ja
導入	ja
展開	ja
成人	ja
見物	ja
議員	ja
雰囲気	ja
面白	ja
gero	lt
коса	mk
млеко	mk
навреме	mk
чаша	mk
चोरी	mr
augustus	nl
daarvan	nl
geheugen	nl
heuvel	nl
klassieke	nl
viss	no
franco	pt
impacto	pt
indígenas	pt
secreta	pt
sentidos	pt
testemunha	pt
dă	ro
pământ	ro
afcarabi	so
mbi	sq
kusabab	su
sabab	su
punkten	sv
hiyo	sw
kila	sw
kapalaran	tl
aferika	tn
spagetti	tr
مگر	ur
ọba	yo
بحث	ar
লোক	bn
miliona	bs
drahé	cs
filmy	cs
situace	cs
husker	da
læreren	da
busse	de
articulate	en
barack	en
blueberry	en
butler	en
caffeine	en
caves	en
circuit	en
coaches	en
collision	en
comprehension	en
condo	en
doorknob	en
dwelt	en
enhance	en
foggy	en
gestures	en
glaciers	en
hip	en
historian	en
intact	en
jersey	en
mischief	en
mittens	en
pandas	en
pedestrian	en
postman	en
pyramid	en
quest	en
rabbi	en
reduction	en
revive	en
sausages	en
siberia	en
singular	en
span	en
vertical	en
abismo	es
alicia	es
solitario	es
timbre	es
قلب	fa
partirai	fr
mentres	gl
awa	ha
italiya	ha
način	hr
njegov	hr
obično	hr
bintang	id
serikat	id
ndụ	ig
ọbụla	ig
gentilmente	it
salame	it
vini	it
予防	ja
全国	ja
出演	ja
大陸	ja
定刻	ja
感染	ja
明確	ja
爆弾	ja
現象	ja
由来	ja
癌	ja
筋	ja
迷子	ja
食卓	ja
caran	ku
कविता	hi
रक्त	mr
redenen	nl
características	pt
culpar	pt
dali	pt
decidimos	pt
dona	pt
odiar	pt
parasse	pt
piza	pt
raquel	pt
separar	pt
necesar	ro
وفات	sd
reer	so
teras	su
steg	sv
eneo	sw
hasa	sw
asya	tr
biber	tr
mantar	tr
rab	tr
yumurtalar	tr
центру	uk
۔۔۔*	ur
iye	yo
barnet	da
levende	da
prisen	da
tjener	da
altitude	en
angela	en
atm	en
axis	en
badge	en
barcelona	en
canyon	en
cinnamon	en
composure	en
dot	en
eiffel	en
enables	en
ethiopia	en
geometry	en
geopolitical	en
inspire	en
justin	en
liable	en
moor	en
mop	en
nagging	en
nuisance	en
obesity	en
predator	en
soninlaw	en
supplier	en
€	en
preguntes	es
pulso	es
constater	fr
koju	hr
euró	hu
bekee	ig
nde	ig
eiga	is
esca	it
interamente	it
panna	it
prevista	it
中古	ja
周囲	ja
国境	ja
奴隷	ja
家事	ja
家賃	ja
巣	ja
平成	ja
広	ja
店員	ja
引退	ja
操作	ja
本日	ja
材料	ja
無知	ja
総	ja
自宅	ja
衛星	ja
西園寺	ja
見事	ja
詞	ja
赤字	ja
通	ja
通訳	ja
限界	ja
mangsa	jv
млад	mk
момчето	mk
खुश	mr
चोर	mr
भीती	mr
सैनिक	mr
२०	mr
केही	ne
aten	nl
bagage	nl
gewone	nl
slag	nl
studentem	pl
candidatos	pt
igualmente	pt
investigar	pt
marcos	pt
+	ru
вперед	ru
начальнику	ru
оставив	ru
لفظ	sd
имала	sr
kedah	su
wayang	su
serikali	sw
kasi	tl
propesor	tl
ankara	tr
darbe	tr
hlas	cs
otázka	cs
vise	da
krokodil	de
platten	de
accusation	en
antiques	en
architectural	en
arizona	en
authoritarian	en
autograph	en
bipolar	en
bundle	en
buzz	en
calculations	en
dc	en
delusional	en
expires	en
flirt	en
horrifying	en
inlaws	en
julius	en
kidnap	en
kilogram	en
knob	en
laura	en
leapt	en
mediocre	en
melancholy	en
methane	en
millennials	en
mommy	en
octopus	en
output	en
patriotism	en
performances	en
petals	en
pickles	en
primitive	en
publication	en
respectable	en
respective	en
respiratory	en
safest	en
symphony	en
transformation	en
unwell	en
username	en
void	en
vouch	en
yitzhak	en
bicicletas	es
cartero	es
feria	es
jorge	es
جنوب	fa
خبر	fa
معروف	fa
karya	ha
mamaye	ha
प्रमुख	hi
hallja	hu
asing	id
barat	id
sejarah	id
telur	id
ọnụ	ig
diecimila	it
occidentale	it
中華	ja
今頃	ja
仮	ja
信念	ja
修正	ja
出張	ja
同僚	ja
国会	ja
大気	ja
孫	ja
寝坊	ja
展示	ja
市内	ja
怠惰	ja
承認	ja
損失	ja
最良	ja
本人	ja
模様	ja
武器	ja
毛布	ja
水曜	ja
症状	ja
発	ja
真剣	ja
真面目	ja
砂漠	ja
立	ja
組	ja
膝	ja
蛇	ja
陰	ja
простор	mk
свири	mk
निर्माण	hi
ला	mr
bron	nl
uitstekend	nl
osoba	pl
corresponde	pt
escritores	pt
militares	pt
parecidos	pt
xix	pt
dolari	ro
tuturor	ro
катастрофа	ru
اتر	sd
gaar	so
онда	sr
tseo	st
shule	sw
wilaya	sw
bulsa	tl
sanwits	tl
tsamaya	tn
lamba	tr
stres	tr
ming	uz
lig	af
মত	bn
kojem	bs
kroz	bs
ove	bs
postoji	bs
návrh	cs
spojených	cs
zavolal	cs
žil	cs
biler	da
sten	da
varm	da
alkoholiker	de
klub	de
terrasse	de
accordingly	en
aeroplane	en
allegations	en
alternate	en
anchor	en
argues	en
assemble	en
autonomy	en
ballpoint	en
beethoven	en
bosom	en
brim	en
bullies	en
cambridge	en
camper	en
conventional	en
decides	en
dip	en
disney	en
djurdjura	en
dominance	en
dresser	en
fictional	en
foam	en
germanic	en
grim	en
hmm	en
hoarse	en
honked	en
intimidate	en
linux	en
muffins	en
napkins	en
narita	en
ontario	en
orthodox	en
pc	en
perpetual	en
precision	en
presume	en
scott	en
silhouette	en
spade	en
springs	en
superhero	en
veil	en
yautja	en
yemen	en
aspectos	es
barra	es
castigado	es
distrito	es
pleno	es
telefónica	es
ابتدا	fa
listan	fi
issa	ha
nike	ha
बोली	hi
सरकार	hi
treba	hr
halkan	hu
ikut	id
tanah	id
strax	is
atleta	it
dialogo	it
gradualmente	it
tennista	it
tortura	it
予測	ja
会計	ja
作物	ja
公開	ja
内緒	ja
出場	ja
単純	ja
向上	ja
外見	ja
安定	ja
宿泊	ja
小切手	ja
少数	ja
帰国	ja
徒歩	ja
拍手	ja
文明	ja
栄養	ja
栽培	ja
永久	ja
混雑	ja
炎	ja
燃料	ja
男女	ja
神社	ja
秒	ja
絶望	ja
苦痛	ja
茶色	ja
蚊	ja
計	ja
通行	ja
部下	ja
金融	ja
針	ja
食前	ja
骨折	ja
黄色	ja
boten	jv
désa	jv
pirmo	lv
видиш	mk
висок	mk
градината	mk
животни	mk
систем	mk
учител	mk
द	mr
kampung	ms
tennissen	nl
toren	nl
apuros	pt
astronomia	pt
cantava	pt
conserto	pt
pau	pt
têla	pt
августе	ru
апельсинового	ru
пригодиться	ru
پاران	sd
помогнем	sr
saken	sv
skyldig	sv
huu	sw
vile	sw
ฟ	th
maitim	tl
selekanyo	tn
inú	yo
লাগে	as
উচিত	bn
prvo	bs
vrsta	bs
stolt	da
tredje	da
beging	de
acres	en
ark	en
assistants	en
attachment	en
barbara	en
biscuit	en
donating	en
drift	en
drugstore	en
economist	en
enrico	en
equation	en
estimates	en
exploit	en
finals	en
format	en
frugal	en
gen	en
gps	en
grind	en
hairdresser	en
harp	en
hub	en
hygiene	en
impeccable	en
imperial	en
jr	en
kayaking	en
laps	en
marital	en
massachusetts	en
nonbinary	en
o'er	en
picturesque	en
pillar	en
ravine	en
redundant	en
sane	en
simplest	en
volumes	en
permiten	es
tasa	es
virgen	es
جریان	fa
حالت	fa
خطر	fa
finn	hu
kantor	id
pesta	id
sesuai	id
asụsụ	ig
sị	ig
gamall	is
l'originale	it
a	en
b	en
c	en
d	en
e	en
f	en
g	en
h	en
i	en
j	en
k	en
l	en
m	en
n	en
o	en
p	en
q	en
r	en
s	en
t	en
u	en
v	en
w	en
x	en
y	en
z	en
samsung	en
hannah jung	en
hola mi vida, como te ha ido ? espero que todo este	es
petit à petit	fr
k ave, plano, tx	en
alma dr, plano, tx	en
मेरा शहर होम देश शहर और राज्य चुनाव  मनोरंजन खेलो और जीतो ज्योतिष new year sale covid  jn. crime updates priyanka gandhi vijayakanth congress foundation day vijayakanth passes away odisha tripura amit shah विज्ञापन hindi news › live › india news › election results  live telangana mp chhattisgarh rajasthan vidhan sabha chunav vote counting today news election results : भाजपा की जीत के बाद विपक्षी एकता पर उठे सवाल, टीएमसी सांसद ने कांग्रेस पर कसा तंज न्यूज डेस्क	hi
मेरा शहर होम देश शहर और राज्य चुनाव मनोरंजन खेलो और जीतो ज्योतिष new year sale covid jn. crime updates priyanka gandhi vijayakanth congress foundation day vijayakanth passes away odisha tripura amit shah विज्ञापन hindi news › live › india news › election results live telangana mp chhattisgarh rajasthan vidhan sabha chunav vote counting today news election results : भाजपा की जीत के बाद विपक्षी एकता पर उठे सवाल, टीएमसी सांसद ने कांग्रेस पर कसा तंज न्यूज डेस्क	hi
edit	en
la vanguardia	es
la vanguardia  la vanguardia	es
la vanguardia la vanguardia	es
milenio	es
milenio  milenio	es
milenio milenio	es
petit a petit	fr
viêt	vi
majestic	en
souvenirs	en
souvenir	en
i see	en
brb	en
omg	en
idk	en
imo	en
irl	en
fyi	en
jk	en
np	en
tbh	en
smh	en
wtf	en
tmi	en
rofl	en
dm	en
afk	en
imo	en
nvm	en
gtg	en
yw	en
gg	en
tbt	en
ama	en
fomo	en
tl;dr	en
yolo	en
qotd	en
bae	en
hmu	en
imho	en
ftw	en
fbo	en
hbd	en
nsfw	en
pov	en
rsvp	en
wyd	en
ama	en
brb	en
cw	en
ff	en
fyeo	en
gg	en
gr	en
hbu	en
icymi	en
imu	en
iso	en
kpi	en
lr	en
mcm	en
mfw	en
mtfbwy	en
nsfl	en
pto	en
sfw	en
snl	en
stfu	en
sus	en
tba	en
thx	en
til	en
tl	en
tysm	en
xoxo	en
ymmv	en
yoyo	en
yw	en
zomg	en
u	en
fu	en
afaik	en
aka	en
die	en
hen	en
toe	en
in addition,	en
in regard of	en
in regard of,	en
in regard of?	en
in regard of!	en
come in	en
come in,	en
at bay	en
at risk	en
in lieu of	en
by way of	en
come on	en
c''mon	en
c''mon.	en
c''mon,	en
do me a favor	en
in the face of	en
put it on	en
con into	en
go in	en
put to	en
i can do it	en
i''m gay	en
understand?	en
for real?	en
cu	en
wu	en
plz	en
fyc	en
mvp	en
omw	en
snafu	en
zzz	en
serene	en
soulmate	en
do me a favor.	en
con into.	en
put to.	en
understand?.	en
cu.	en
wu.	en
plz.	en
fyc.	en
mvp.	en
omw.	en
snafu.	en
zzz.	en
serene.	en
soulmate.	en
do me a favor,	en
in the face of,	en
put it on,	en
con into,	en
go in,	en
i''m gay,	en
cu,	en
wu,	en
plz,	en
fyc,	en
mvp,	en
omw,	en
snafu,	en
zzz,	en
serene,	en
soulmate,	en
do me a favor?	en
put it on?	en
con into?	en
put to?	en
for real??	en
cu?	en
wu?	en
plz?	en
fyc?	en
mvp?	en
snafu?	en
zzz?	en
serene?	en
soulmate?	en
do me a favor!	en
con into!	en
put to!	en
for real?!	en
cu!	en
wu!	en
plz!	en
fyc!	en
mvp!	en
omw!	en
snafu!	en
zzz!	en
serene!	en
soulmate!	en
do me a favor:	en
con into:	en
cu:	en
wu:	en
plz:	en
fyc:	en
mvp:	en
omw:	en
snafu:	en
zzz:	en
do me a favor;	en
con into;	en
wu;	en
plz;	en
mvp;	en
snafu;	en
zzz;	en
in vain.	en
in a second.	en
on land.	en
so far.	en
face to face.	en
go about.	en
go by.	en
bank on.	en
come to.	en
dive into.	en
get on.	en
go into.	en
of course.	en
on hand.	en
as for.	en
at hand.	en
at risk.	en
due to.	en
over to.	en
plan on.	en
point to.	en
bye bye.	en
break a leg.	en
omg.	en
lol.	en
asap.	en
btw.	en
imho.	en
fyi.	en
brb.	en
afk.	en
ttyl.	en
gg.	en
np.	en
yw.	en
thx.	en
jk.	en
lmk.	en
atm.	en
faq.	en
fomo.	en
hbu.	en
icymi.	en
imo.	en
kpi.	en
nsfw.	en
pov.	en
rofl.	en
swag.	en
tbh.	en
til.	en
tmi.	en
wfh.	en
wip.	en
yolo.	en
break a leg.	en
of course.	en
smoky.	en
snowy.	en
stormy.	en
dusty.	en
tidy.	en
hey dude.	en
see ya.	en
bye bye.	en
i adore.	en
i crave.	en
do.	en
in vain,	en
so far,	en
face to face,	en
go about,	en
go by,	en
bank on,	en
come to,	en
dive into,	en
get on,	en
go into,	en
as for,	en
at risk,	en
due to,	en
plan on,	en
point to,	en
bye bye,	en
omg,	en
lol,	en
asap,	en
btw,	en
imho,	en
fyi,	en
brb,	en
afk,	en
ttyl,	en
gg,	en
np,	en
yw,	en
thx,	en
jk,	en
lmk,	en
atm,	en
faq,	en
fomo,	en
hbu,	en
icymi,	en
imo,	en
kpi,	en
nsfw,	en
pov,	en
rofl,	en
swag,	en
tbh,	en
til,	en
tmi,	en
wip,	en
yolo,	en
smoky,	en
stormy,	en
dusty,	en
tidy,	en
hey dude,	en
bye bye,	en
i adore,	en
i crave,	en
do,	en
in vain?	en
so far?	en
face to face?	en
go by?	en
bank on?	en
come to?	en
dive into?	en
get on?	en
as for?	en
at risk?	en
due to?	en
plan on?	en
point to?	en
bye bye?	en
omg?	en
lol?	en
asap?	en
imho?	en
fyi?	en
brb?	en
afk?	en
ttyl?	en
gg?	en
np?	en
yw?	en
thx?	en
jk?	en
atm?	en
faq?	en
fomo?	en
hbu?	en
icymi?	en
imo?	en
kpi?	en
nsfw?	en
pov?	en
rofl?	en
swag?	en
tbh?	en
til?	en
tmi?	en
yolo?	en
smoky?	en
snowy?	en
stormy?	en
hey dude?	en
see ya?	en
bye bye?	en
i crave?	en
do?	en
in vain!	en
on land!	en
so far!	en
face to face!	en
go by!	en
come to!	en
dive into!	en
go into!	en
of course!	en
on hand!	en
as for!	en
at risk!	en
due to!	en
over to!	en
point to!	en
omg!	en
asap!	en
btw!	en
imho!	en
fyi!	en
brb!	en
afk!	en
ttyl!	en
gg!	en
np!	en
yw!	en
thx!	en
jk!	en
lmk!	en
atm!	en
fomo!	en
hbu!	en
icymi!	en
imo!	en
kpi!	en
nsfw!	en
pov!	en
rofl!	en
tbh!	en
til!	en
tmi!	en
wfh!	en
yolo!	en
of course!	en
smoky!	en
snowy!	en
dusty!	en
i adore!	en
i crave!	en
do!	en
at risk:	en
omg:	en
btw:	en
imho:	en
fyi:	en
brb:	en
ttyl:	en
gg:	en
yw:	en
atm:	en
fomo:	en
hbu:	en
imo:	en
nsfw:	en
pov:	en
rofl:	en
tbh:	en
til:	en
tmi:	en
yolo:	en
dusty:	en
see ya:	en
do me a favor;	en
con into;	en
asap;	en
imho;	en
fyi;	en
brb;	en
gg;	en
np;	en
yw;	en
wu;	en
plz;	en
thx;	en
jk;	en
fomo;	en
hbu;	en
kpi;	en
mvp;	en
nsfw;	en
pov;	en
rofl;	en
snafu;	en
tbh;	en
til;	en
tmi;	en
yolo;	en
zzz;	en
hey dude;	en
in vain~	en
so far~	en
do me a favor~	en
go about~	en
go by~	en
bank on~	en
come to~	en
dive into~	en
as for~	en
at risk~	en
over to~	en
con into~	en
plan on~	en
point to~	en
understand?~	en
omg~	en
asap~	en
btw~	en
imho~	en
fyi~	en
brb~	en
afk~	en
ttyl~	en
gg~	en
np~	en
yw~	en
cu~	en
wu~	en
plz~	en
thx~	en
jk~	en
lmk~	en
atm~	en
faq~	en
fomo~	en
fyc~	en
hbu~	en
imo~	en
kpi~	en
mvp~	en
nsfw~	en
omw~	en
pov~	en
rofl~	en
tbh~	en
til~	en
tmi~	en
wfh~	en
wip~	en
yolo~	en
zzz~	en
serene~	en
smoky~	en
stormy~	en
hey dude~	en
do~	en
put it on~	en
go in~	en
i can do it~	en
i''m gay~	en
bye bye.	en
i can do it	en
understand	en
k ave, plano, tx alma dr, plano, tx	en
ter	pt
ver	pt
partir	pt
correr	pt
vender	pt
beber	pt
pedir	pt
sentir	pt
caber	pt
intervir	pt
seguir	pt
colorir	pt
subir	pt
valer	pt
usar	pt
tomar	pt
requerer	pt
tossir	pt
preferir	pt
vestir	pt
existir	pt
pagar	pt
entreter	pt
aderir	pt
permitir	pt
demolir	pt
rever	pt
adequar	pt
precaver	pt
pentear	pt
supor	pt
zoar	pt
surgir	pt
discutir	pt
ceder	pt
analisar	pt
interagir	pt
prender	pt
reter	pt
reunir	pt
varrer	pt
merecer	pt
ingerir	pt
curtir	pt
provir	pt
magoar	pt
presentear	pt
ansiar	pt
cansar	pt
distrair	pt
exercer	pt
copiar	pt
confundir	pt
reagir	pt
despir	pt
engolir	pt
torcer	pt
obedecer	pt
eleger	pt
trair	pt
lamber	pt
abster	pt
evoluir	pt
estrear	pt
cuspir	pt
proibir	pt
invadir	pt
gemer	pt
enjoar	pt
advir	pt
morder	pt
gerar	pt
optar	pt
alegrar	pt
banir	pt
basear	pt
depor	pt
postar	pt
treinar	pt
atribuir	pt
necessitar	pt
superar	pt
recear	pt
coar	pt
solicitar	pt
saudar	pt
saborear	pt
remediar	pt
pisar	pt
erguer	pt
anunciar	pt
variar	pt
transmitir	pt
homenagear	pt
punir	pt
descolorir	pt
tecer	pt
iludir	pt
cear	pt
transferir	pt
usufruir	pt
extrair	pt
avaliar	pt
preservar	pt
arrasar	pt
encerrar	pt
saciar	pt
alterar	pt
demonstrar	pt
cozer	pt
sacudir	pt
providenciar	pt
vomitar	pt
tremer	pt
referir	pt
retribuir	pt
botar	pt
amarrar	pt
curar	pt
conceder	pt
encantar	pt
abranger	pt
incentivar	pt
suprir	pt
perturbar	pt
arguir	pt
influenciar	pt
pleitear	pt
valorizar	pt
fixar	pt
negociar	pt
esclarecer	pt
nutrir	pt
redigir	pt
empurrar	pt
renovar	pt
decepcionar	pt
proceder	pt
submeter	pt
enxaguar	pt
pecar	pt
efetuar	pt
extorquir	pt
reler	pt
forçar	pt
suspender	pt
desbloquear	pt
clarear	pt
recomendar	pt
estimular	pt
hidratar	pt
derrubar	pt
lambuzar	pt
consentir	pt
derreter	pt
agarrar	pt
cancelar	pt
finalizar	pt
xingar	pt
depender	pt
citar	pt
sobrepor	pt
prestigiar	pt
constranger	pt
lanchar	pt
decompor	pt
sobrevir	pt
questionar	pt
sobrar	pt
disponibilizar	pt
integrar	pt
ferver	pt
omitir	pt
premiar	pt
recorrer	pt
repelir	pt
exibir	pt
residir	pt
fritar	pt
agendar	pt
desanimar	pt
ousar	pt
expelir	pt
largar	pt
navegar	pt
visualizar	pt
conscientizar	pt
redimir	pt
tatuar	pt
conectar	pt
localizar	pt
ruir	pt
hackear	pt
ampliar	pt
grampear	pt
denegrir	pt
enxugar	pt
comprometer	pt
contrariar	pt
silenciar	pt
relatar	pt
corresponder	pt
experienciar	pt
recompor	pt
renascer	pt
solidarizar	pt
entupir	pt
vivenciar	pt
sossegar	pt
adoecer	pt
arrastar	pt
engordar	pt
almejar	pt
poer	pt
hesitar	pt
podar	pt
autorizar	pt
embarcar	pt
catar	pt
reenviar	pt
remeter	pt
pregar	pt
furar	pt
fotografar	pt
corroer	pt
enaltecer	pt
equivaler	pt
arder	pt
cadastrar	pt
abastecer	pt
evidenciar	pt
rechear	pt
caracterizar	pt
posicionar	pt
costurar	pt
favorecer	pt
resultar	pt
uivar	pt
aferir	pt
cursar	pt
rasgar	pt
ingressar	pt
governar	pt
mastigar	pt
engolir sapo	pt
piá	pt
arretado	pt
pegar jacaré	pt
pelotas	pt
tchê	pt
cusco véio	pt
remoer o mate	pt
arremedar	pt
arredar o pé	pt
engolir sapos	pt
macaxeira	pt
mermo	pt
amansar a fera	pt
zé da silva	pt
zé povinho	pt
tá no coro	pt
chover canivete	pt
puxar o fole	pt
zé mané	pt
cair do catete	pt
pô, véi	pt
chupar cana	pt
empinar pipa	pt
engolir um sapo	pt
como resultado	pt
diferentemente	pt
paralelamente	pt
consoante	pt
em que pese a	pt
no ensejo de	pt
no bojo de	pt
de forma a elucidar	pt
sob tal perspectiva	pt
em síntese	pt
finalizando	pt
realmente	pt
inobstante	pt
em que pese	pt
mas	pt
no entanto	pt
especificamente	pt
resumidamente	pt
quando	pt
a fim de	pt
similarmente	pt
quiçá	pt
consoante a	pt
entrar pelo cano	pt
mandar ver	pt
tirar de letra	pt
tirar onda	pt
बाबू	hi
गुड़मॉर्न	hi
गुलाब	hi
तारीख	hi
संगीत	hi
समुद्र	hi
दरवाजा	hi
मंदिर	hi
गुरुद्वारा	hi
खेती	hi
पौधा	hi
तारा	hi
बर्फ	hi
सृष्टि	hi
कमजोर	hi
सत्य	hi
निराशा	hi
उदास	hi
आशीर्वाद	hi
करुणा	hi
धैर्य	hi
समर्पण	hi
गर्व	hi
विकास	hi
संयोजन	hi
विकल्प	hi
शब्द	hi
स्थिति	hi
आत्मा	hi
निर्भीक	hi
भयभीत	hi
सफाई	hi
प्रदूषण	hi
शैतान	hi
पवित्र	hi
पुण्य	hi
धीमा	hi
उच्चारण	hi
सिक्का	hi
प्रतिबद्ध	hi
वार्ता	hi
आराम	hi
खामोश	hi
साहस	hi
अद्वितीय	hi
उत्सव	hi
अपमान	hi
असमर्थ	hi
हिम्मत	hi
जीवन	hi
चुनौती	hi
स्तन	hi
बोरियत	hi
शरारत	hi
बैठक	hi
मुद्दा	hi
असंतुलन	hi
स्थिरता	hi
प्रवृत्ति	hi
निवृत्ति	hi
आंतरिक	hi
संवेदनशील	hi
अभाव	hi
नकारात्मक	hi
सकारात्मक	hi
एकमत	hi
सावधानी	hi
गुप्त	hi
सुधार	hi
गिरावट	hi
वृद्धि	hi
दुर्भाग्य	hi
शिक्षा	hi
अज्ञान	hi
कुरूपता	hi
मार्ग	hi
सार्थक	hi
निर्धारण	hi
गोपनीय	hi
आलस्य	hi
स्वाभाविक	hi
विशेषज्ञ	hi
कुंजी	hi
अज्ञात	hi
प्रकट	hi
असत्य	hi
शिकार	hi
जागरूक	hi
आभास	hi
समर्थन	hi
आधुनिक	hi
परंपरा	hi
श्रद्धा	hi
अनुशासन	hi
अपशब्द	hi
चंद्रमा	hi
बराफबारी	hi
वर्षा	hi
आचार्य	hi
शिक्षक	hi
शिक्षिका	hi
छात्र	hi
नाटक	hi
पराया	hi
संबंध	hi
सुन्दर	hi
कुशल	hi
दुःख	hi
असाधारण	hi
सामान्य	hi
उन्नति	hi
प्रेरित	hi
विशेष	hi
भूतपूर्व	hi
भविष्य	hi
हानि	hi
यथार्थ	hi
पुराण	hi
सामाजिक	hi
विद्या	hi
उबाऊ	hi
अत्यधिक	hi
नियम	hi
आधिकारिक	hi
अस्थायी	hi
असंग	hi
जुगत	hi
चंचल	hi
संगीती	hi
संगीतात्मक	hi
समर्पित	hi
साकार	hi
निराकार	hi
सादगी	hi
निम्न	hi
शुद्ध	hi
अशुद्ध	hi
प्रशिक्षित	hi
अनप्रशिक्षित	hi
ब्रह्मा	hi
वायु	hi
अग्नि	hi
पृथ्वी	hi
नृत्य	hi
गायन	hi
संगीतमय	hi
ब्रजबाषा	hi
मैथिली	hi
भोजपुरी	hi
अभिनय	hi
नीला	hi
गुलाबी	hi
सफेद	hi
बन्दूक	hi
विजय	hi
मूर्ख	hi
अश्रद्धा	hi
बुद्धिमान	hi
असार्थक	hi
सुप्रभात	hi
शुभरात्रि	hi
श्रेणी	hi
व्याख्या	hi
सर्वनाम	hi
बँधा	hi
आत्मविश्वास	hi
विराम	hi
भक्ति	hi
निष्कलंक	hi
कर्ण	hi
द्रोण	hi
युद्ध	hi
अश्वत्थामा	hi
कुरुक्षेत्र	hi
अर्जुन	hi
ज्ञान	hi
पाठशाला	hi
भाषण	hi
असिद्ध	hi
तितली	hi
खरगोश	hi
असंपूर्ण	hi
सशक्त	hi
अशक्त	hi
संयम	hi
अंतरराष्ट्रीय	hi
राष्ट्रीय	hi
असुरक्षित	hi
उपवन	hi
बगीचा	hi
पत्ती	hi
पुनः	hi
अन्त	hi
आरंभ	hi
संगत	hi
असंगत	hi
साधना	hi
असम्पूर्ण	hi
मुक्ति	hi
ध्वनि	hi
समृद्धि	hi
प्राकृतिक	hi
परंपरागत	hi
भविष्यात्मक	hi
तथ्य	hi
कल्पित	hi
वैज्ञानिक	hi
स्वस्थ	hi
सुन्दरता	hi
विवेक	hi
विरासत	hi
समर्थक	hi
राष्ट्र	hi
विपत्ति	hi
विपक्ष	hi
आपत्ति	hi
अप्राधिक	hi
विरुद्ध	hi
खिलवार	hi
पराजय	hi
शक्तिशाली	hi
पुनर्जन्म	hi
अन्तर्निहित	hi
बाह्यिक	hi
स्वार्थ	hi
परार्थ	hi
विराजमान	hi
पर्व	hi
त्योहार	hi
बहुमुखी	hi
एकमुखी	hi
असमुखी	hi
ठहराव	hi
प्राथमिक	hi
मुख्य	hi
दुखद	hi
दिव्य	hi
अदिव्य	hi
अर्थहीन	hi
दरिद्रता	hi
संभावना	hi
असंबंध	hi
सुस्त	hi
अशिक्षित	hi
शक्तिमान	hi
अशक्तिमान	hi
भावना	hi
अभावना	hi
निर्णय	hi
स्वागत	hi
सर्वशक्तिमान	hi
असर्वशक्तिमान	hi
सर्वज्ञ	hi
असर्वज्ञ	hi
दयालु	hi
नेतृत्व	hi
अनेतृत्व	hi
अप्रेरित	hi
असहायता	hi
विरक्ति	hi
अकल्पनीय	hi
विषय	hi
प्रतिभा	hi
अप्रतिभा	hi
छोटा	hi
सजीव	hi
न्यूनतम	hi
भारी	hi
नीचा	hi
विद्यार्थी	hi
पुस्तक	hi
कागज	hi
तलवार	hi
संस्कृत	hi
रंगमंच	hi
अधीन	hi
नेता	hi
सदस्य	hi
शिक्षार्थी	hi
प्राधिकृत	hi
अप्राधिकृत	hi
व्यापारी	hi
ग्राहक	hi
असंतुष्टि	hi
दूरदर्शी	hi
नैतिकता	hi
योगदान	hi
दुष्ट	hi
द्वितीय	hi
प्रदेश	hi
हरित	hi
शून्य	hi
अग्रणी	hi
चिन्ह	hi
गणना	hi
शुरु	hi
सितारा	hi
गहरा	hi
दांत	hi
गर्दन	hi
ह्रदय	hi
ऊँगली	hi
ऊष्मा	hi
निराश	hi
असंतुलित	hi
चन्द्रमा	hi
पत्ता	hi
गंदगी	hi
दुःखद	hi
अजीव	hi
अप्राणी	hi
चिरपिंग	hi
संतोष	hi
विज्ञान	hi
सुविधा	hi
संघर्ष	hi
प्रबंधन	hi
जिम्मेदार	hi
अजिम्मेदार	hi
गरिमा	hi
असमर्थन	hi
स्नेह	hi
बाधा	hi
असाफ	hi
पथराना	hi
छुपना	hi
पुनरावृत्ति करना	hi
चेतावनी देना	hi
पूजना	hi
निकालना	hi
गिग्गिगाना	hi
दुर्भाग्यपूर्ण होना	hi
मानना	hi
गरजना	hi
चिंगारी फूँकना	hi
सुझाव देना	hi
विश्वास दिलाना	hi
चुनौतीपूर्ण होना	hi
निष्कर्ष निकालना	hi
सुरक	hi
खून का प्यासा होना	hi
आंख का तारा	hi
कंगाल होना	hi
घड़ी घड़ी पलट जाना	hi
चांदी की हंसली	hi
गरजते बादल छाना	hi
मुँह छिपाना	hi
पलक झपकते	hi
दाँतों तले घास उगना	hi
दांतों तले उंगली दबाना	hi
झूठी मुस्कराहट	hi
निःशब्द सहना	hi
घाट-घाट का पानी पीना	hi
घाट उतरना	hi
घाट घाट का पानी पीना	hi
पलक झपकते ही	hi
काठ का चमचा होना	hi
ऊँची दुकान नीचा सामान	hi
गगनचुंबी हौसला	hi
नाच नचाना	hi
गरज उठना	hi
झोंक का झंकार होना	hi
चौपट राजा	hi
सोने पे सुहागा	hi
नाच न जाने	hi
नाक भनभनाना	hi
तितर-बितर होना	hi
चांद पे थूकना	hi
हात छूटना	hi
दही जमना	hi
चांदी काटना	hi
घड़ी घड़ी बात पलटना	hi
आंसू पोंछना	hi
छलांग	hi
नमस्कार	hi
सही	hi
सबको शुभकामनाएं	hi
शुभ संध्या	hi
स्वादिष्ट	hi
बिल्कुल बाएं	hi
पूछना	hi
खासना	hi
झाड़ना	hi
तलवाना	hi
छिकना	hi
छिड़कना	hi
फाड़ना	hi
जागना	hi
आश्चर्यचकित होना	hi
भड़काना	hi
चिल्लाना	hi
galvanize	en
fester	en
cultivate	en
savor	en
crumble	en
perch	en
gleam	en
transpire	en
extol	en
assimilate	en
sojourn	en
shimmer	en
flutter	en
elucidate	en
haunt	en
cascade	en
oscillate	en
synthesize	en
enthrall	en
precipitate	en
bicker	en
eulogize	en
traverse	en
erupt	en
echoed	en
conspires	en
engulf	en
ravish	en
intrepid	en
scurry	en
sizzle	en
contemplate	en
cavort	en
waltz	en
disperse	en
tremble	en
ponder	en
conjure	en
nostalgia	en
decimate	en
amalgamate	en
fumble	en
solace	en
scintillate	en
ephemeral	en
percolate	en
fizzle	en
serenade	en
saunter	en
euphoria	en
dissolve	en
serpentine	en
echo	en
enigma	en
flicker	en
perpetuate	en
soar	en
sprawl	en
simmer	en
impasse	en
glimmer	en
idyllic	en
sprint	en
gallop	en
squint	en
munch	en
jolt	en
glisten	en
hover	en
tumble	en
sprout	en
quench	en
emerge	en
swoop	en
radiate	en
snicker	en
beam	en
roam	en
leap	en
lurk	en
quake	en
quaver	en
swoon	en
validate	en
modify	en
augment	en
debug	en
optimize	en
compile	en
redesign	en
innovate	en
reconcile	en
devise	en
standardize	en
upgrade	en
revise	en
pioneer	en
merge	en
catalog	en
designate	en
differentiate	en
reinvent	en
reorganize	en
segregate	en
streamline	en
synchronize	en
allocate	en
audit	en
codify	en
collate	en
compute	en
concatenate	en
consolidate	en
correlate	en
corrode	en
deem	en
delegate	en
delve	en
demolish	en
denote	en
desynchronize	en
detach	en
diagnose	en
diffuse	en
digest	en
diminish	en
disentangle	en
dispute	en
endorse	en
enforce	en
envision	en
epitomize	en
eradicate	en
escalate	en
exclaim	en
exert	en
expel	en
facilitate	en
fathom	en
fracture	en
garner	en
govern	en
hinder	en
hone	en
immerse	en
incorporate	en
isolate	en
juxtapose	en
lessen	en
liberate	en
manifest	en
manufacture	en
minimize	en
motivate	en
nominate	en
normalize	en
overhaul	en
pause	en
penetrate	en
prescribe	en
preside	en
probe	en
prosper	en
quotient	en
rasterize	en
reclaim	en
reconcile	en
recruit	en
recur	en
redact	en
redefine	en
redirect	en
rehabilitate	en
reimagine	en
reinforce	en
reintegrate	en
reiterate	en
rejoin	en
render	en
renovate	en
reset	en
rotate	en
scatter	en
situate	en
skim	en
steer	en
supervise	en
supplement	en
sync	en
transmit	en
trespass	en
utilize	en
wade	en
zoom	en
red herring	en
no biggie	en
haha	en
one sec	en
gimme a sec	en
howdy-do	en
just a sec	en
uh-oh	en
voila	en
hop	en
nurture	en
emphasize	en
bind	en
